-- MySQL dump 10.13  Distrib 5.7.26, for Linux (x86_64)
--
-- Host: localhost    Database: truongshop
-- ------------------------------------------------------
-- Server version	5.7.26-0ubuntu0.18.04.1

/*!40101 SET @OLD_CHARACTER_SET_CLIENT=@@CHARACTER_SET_CLIENT */;
/*!40101 SET @OLD_CHARACTER_SET_RESULTS=@@CHARACTER_SET_RESULTS */;
/*!40101 SET @OLD_COLLATION_CONNECTION=@@COLLATION_CONNECTION */;
/*!40101 SET NAMES utf8 */;
/*!40103 SET @OLD_TIME_ZONE=@@TIME_ZONE */;
/*!40103 SET TIME_ZONE='+00:00' */;
/*!40014 SET @OLD_UNIQUE_CHECKS=@@UNIQUE_CHECKS, UNIQUE_CHECKS=0 */;
/*!40014 SET @OLD_FOREIGN_KEY_CHECKS=@@FOREIGN_KEY_CHECKS, FOREIGN_KEY_CHECKS=0 */;
/*!40101 SET @OLD_SQL_MODE=@@SQL_MODE, SQL_MODE='NO_AUTO_VALUE_ON_ZERO' */;
/*!40111 SET @OLD_SQL_NOTES=@@SQL_NOTES, SQL_NOTES=0 */;

--
-- Table structure for table `categories`
--

DROP TABLE IF EXISTS `categories`;
/*!40101 SET @saved_cs_client     = @@character_set_client */;
/*!40101 SET character_set_client = utf8 */;
CREATE TABLE `categories` (
  `id` int(10) unsigned NOT NULL AUTO_INCREMENT,
  `parent_id` int(10) unsigned DEFAULT NULL,
  `order` int(11) NOT NULL DEFAULT '1',
  `name` varchar(255) COLLATE utf8mb4_unicode_ci NOT NULL,
  `slug` varchar(255) COLLATE utf8mb4_unicode_ci NOT NULL,
  `created_at` timestamp NULL DEFAULT NULL,
  `updated_at` timestamp NULL DEFAULT NULL,
  PRIMARY KEY (`id`),
  UNIQUE KEY `categories_slug_unique` (`slug`),
  KEY `categories_parent_id_foreign` (`parent_id`),
  CONSTRAINT `categories_parent_id_foreign` FOREIGN KEY (`parent_id`) REFERENCES `categories` (`id`) ON DELETE SET NULL ON UPDATE CASCADE
) ENGINE=InnoDB AUTO_INCREMENT=3 DEFAULT CHARSET=utf8mb4 COLLATE=utf8mb4_unicode_ci;
/*!40101 SET character_set_client = @saved_cs_client */;

--
-- Dumping data for table `categories`
--

LOCK TABLES `categories` WRITE;
/*!40000 ALTER TABLE `categories` DISABLE KEYS */;
INSERT INTO `categories` VALUES (1,NULL,1,'Category 1','category-1','2019-07-02 21:03:19','2019-07-02 21:03:19'),(2,NULL,1,'Category 2','category-2','2019-07-02 21:03:19','2019-07-02 21:03:19');
/*!40000 ALTER TABLE `categories` ENABLE KEYS */;
UNLOCK TABLES;

--
-- Table structure for table `data_rows`
--

DROP TABLE IF EXISTS `data_rows`;
/*!40101 SET @saved_cs_client     = @@character_set_client */;
/*!40101 SET character_set_client = utf8 */;
CREATE TABLE `data_rows` (
  `id` int(10) unsigned NOT NULL AUTO_INCREMENT,
  `data_type_id` int(10) unsigned NOT NULL,
  `field` varchar(255) COLLATE utf8mb4_unicode_ci NOT NULL,
  `type` varchar(255) COLLATE utf8mb4_unicode_ci NOT NULL,
  `display_name` varchar(255) COLLATE utf8mb4_unicode_ci NOT NULL,
  `required` tinyint(1) NOT NULL DEFAULT '0',
  `browse` tinyint(1) NOT NULL DEFAULT '1',
  `read` tinyint(1) NOT NULL DEFAULT '1',
  `edit` tinyint(1) NOT NULL DEFAULT '1',
  `add` tinyint(1) NOT NULL DEFAULT '1',
  `delete` tinyint(1) NOT NULL DEFAULT '1',
  `details` text COLLATE utf8mb4_unicode_ci,
  `order` int(11) NOT NULL DEFAULT '1',
  PRIMARY KEY (`id`),
  KEY `data_rows_data_type_id_foreign` (`data_type_id`),
  CONSTRAINT `data_rows_data_type_id_foreign` FOREIGN KEY (`data_type_id`) REFERENCES `data_types` (`id`) ON DELETE CASCADE ON UPDATE CASCADE
) ENGINE=InnoDB AUTO_INCREMENT=79 DEFAULT CHARSET=utf8mb4 COLLATE=utf8mb4_unicode_ci;
/*!40101 SET character_set_client = @saved_cs_client */;

--
-- Dumping data for table `data_rows`
--

LOCK TABLES `data_rows` WRITE;
/*!40000 ALTER TABLE `data_rows` DISABLE KEYS */;
INSERT INTO `data_rows` VALUES (1,1,'id','number','ID',1,0,0,0,0,0,NULL,1),(2,1,'name','text','Name',1,1,1,1,1,1,NULL,2),(3,1,'email','text','Email',1,1,1,1,1,1,NULL,3),(4,1,'password','password','Password',1,0,0,1,1,0,NULL,4),(5,1,'remember_token','text','Remember Token',0,0,0,0,0,0,NULL,5),(6,1,'created_at','timestamp','Created At',0,1,1,0,0,0,NULL,6),(7,1,'updated_at','timestamp','Updated At',0,0,0,0,0,0,NULL,7),(8,1,'avatar','image','Avatar',0,1,1,1,1,1,NULL,8),(9,1,'user_belongsto_role_relationship','relationship','Role',0,1,1,1,1,0,'{\"model\":\"TCG\\\\Voyager\\\\Models\\\\Role\",\"table\":\"roles\",\"type\":\"belongsTo\",\"column\":\"role_id\",\"key\":\"id\",\"label\":\"display_name\",\"pivot_table\":\"roles\",\"pivot\":0}',10),(10,1,'user_belongstomany_role_relationship','relationship','Roles',0,1,1,1,1,0,'{\"model\":\"TCG\\\\Voyager\\\\Models\\\\Role\",\"table\":\"roles\",\"type\":\"belongsToMany\",\"column\":\"id\",\"key\":\"id\",\"label\":\"display_name\",\"pivot_table\":\"user_roles\",\"pivot\":\"1\",\"taggable\":\"0\"}',11),(11,1,'settings','hidden','Settings',0,0,0,0,0,0,NULL,12),(12,2,'id','number','ID',1,0,0,0,0,0,NULL,1),(13,2,'name','text','Name',1,1,1,1,1,1,NULL,2),(14,2,'created_at','timestamp','Created At',0,0,0,0,0,0,NULL,3),(15,2,'updated_at','timestamp','Updated At',0,0,0,0,0,0,NULL,4),(16,3,'id','number','ID',1,0,0,0,0,0,NULL,1),(17,3,'name','text','Name',1,1,1,1,1,1,NULL,2),(18,3,'created_at','timestamp','Created At',0,0,0,0,0,0,NULL,3),(19,3,'updated_at','timestamp','Updated At',0,0,0,0,0,0,NULL,4),(20,3,'display_name','text','Display Name',1,1,1,1,1,1,NULL,5),(21,1,'role_id','text','Role',1,1,1,1,1,1,NULL,9),(22,4,'id','number','ID',1,0,0,0,0,0,NULL,1),(23,4,'parent_id','select_dropdown','Parent',0,0,1,1,1,1,'{\"default\":\"\",\"null\":\"\",\"options\":{\"\":\"-- None --\"},\"relationship\":{\"key\":\"id\",\"label\":\"name\"}}',2),(24,4,'order','text','Order',1,1,1,1,1,1,'{\"default\":1}',3),(25,4,'name','text','Name',1,1,1,1,1,1,NULL,4),(26,4,'slug','text','Slug',1,1,1,1,1,1,'{\"slugify\":{\"origin\":\"name\"}}',5),(27,4,'created_at','timestamp','Created At',0,0,1,0,0,0,NULL,6),(28,4,'updated_at','timestamp','Updated At',0,0,0,0,0,0,NULL,7),(29,5,'id','number','ID',1,0,0,0,0,0,'{}',1),(30,5,'author_id','text','Author',1,0,1,1,0,1,'{}',2),(31,5,'category_id','text','Category',0,0,1,1,1,0,'{}',3),(32,5,'title','text','Tiêu đề cho sản phẩm',1,1,1,1,1,1,'{}',4),(33,5,'excerpt','text_area','Tóm tắc nọi dung',1,0,1,1,1,1,'{}',5),(34,5,'body','rich_text_box','Nọi dung bài viết',1,0,1,1,1,1,'{}',6),(35,5,'image','image','Hình ảnh đại diện',0,1,1,1,1,1,'{\"resize\":{\"width\":\"1000\",\"height\":\"null\"},\"quality\":\"70%\",\"upsize\":true,\"thumbnails\":[{\"name\":\"medium\",\"scale\":\"50%\"},{\"name\":\"small\",\"scale\":\"25%\"},{\"name\":\"cropped\",\"crop\":{\"width\":\"300\",\"height\":\"250\"}}]}',7),(36,5,'slug','text','Slug',1,0,1,1,1,1,'{\"slugify\":{\"origin\":\"title\",\"forceUpdate\":true},\"validation\":{\"rule\":\"unique:posts,slug\"}}',8),(37,5,'meta_description','text_area','Meta Description',1,0,1,1,1,1,'{}',10),(38,5,'meta_keywords','text_area','Meta Keywords',1,0,1,1,1,1,'{}',11),(39,5,'status','select_dropdown','Status',1,1,1,1,1,1,'{\"default\":\"DRAFT\",\"options\":{\"PUBLISHED\":\"published\",\"DRAFT\":\"draft\",\"PENDING\":\"pending\"}}',15),(40,5,'created_at','timestamp','Created At',0,1,1,0,0,0,'{}',16),(41,5,'updated_at','timestamp','Updated At',0,0,0,0,0,0,'{}',17),(42,5,'seo_title','text','SEO Title',0,1,1,1,1,1,'{}',18),(43,5,'featured','checkbox','Featured',1,1,1,1,1,1,'{}',19),(44,6,'id','number','ID',1,0,0,0,0,0,'{}',1),(45,6,'author_id','text','Author',1,0,0,0,0,0,'{}',2),(46,6,'title','text','Title',1,1,1,1,1,1,'{}',3),(47,6,'excerpt','text_area','Excerpt',0,0,1,1,1,1,'{}',4),(48,6,'body','rich_text_box','Body',0,0,1,1,1,1,'{}',5),(49,6,'slug','text','Slug',1,0,1,1,1,1,'{\"slugify\":{\"origin\":\"title\"},\"validation\":{\"rule\":\"unique:pages,slug\"}}',6),(50,6,'meta_description','text','Meta Description',0,0,1,1,1,1,'{}',7),(51,6,'meta_keywords','text','Meta Keywords',0,0,1,1,1,1,'{}',8),(52,6,'status','select_dropdown','Status',1,1,1,1,1,1,'{\"default\":\"INACTIVE\",\"options\":{\"INACTIVE\":\"INACTIVE\",\"ACTIVE\":\"ACTIVE\"}}',9),(53,6,'created_at','timestamp','Created At',0,1,1,0,0,0,'{}',10),(54,6,'updated_at','timestamp','Updated At',0,0,0,0,0,0,'{}',11),(55,6,'image','image','Page Image',0,1,1,1,1,1,'{}',12),(56,5,'price','text','Giá sản phẩm',1,1,1,1,1,1,'{}',9),(57,5,'image_1','image','Image 1',1,1,1,1,1,1,'{\"resize\":{\"width\":\"1000\",\"height\":\"null\"},\"quality\":\"70%\",\"upsize\":true,\"thumbnails\":[{\"name\":\"medium\",\"scale\":\"50%\"},{\"name\":\"small\",\"scale\":\"25%\"},{\"name\":\"cropped\",\"crop\":{\"width\":\"300\",\"height\":\"250\"}}]}',12),(58,5,'image_2','image','Image 2',1,1,1,1,1,1,'{\"resize\":{\"width\":\"1000\",\"height\":\"null\"},\"quality\":\"70%\",\"upsize\":true,\"thumbnails\":[{\"name\":\"medium\",\"scale\":\"50%\"},{\"name\":\"small\",\"scale\":\"25%\"},{\"name\":\"cropped\",\"crop\":{\"width\":\"300\",\"height\":\"250\"}}]}',13),(59,5,'image_3','image','Image 3',1,1,1,1,1,1,'{\"resize\":{\"width\":\"1000\",\"height\":\"null\"},\"quality\":\"70%\",\"upsize\":true,\"thumbnails\":[{\"name\":\"medium\",\"scale\":\"50%\"},{\"name\":\"small\",\"scale\":\"25%\"},{\"name\":\"cropped\",\"crop\":{\"width\":\"300\",\"height\":\"250\"}}]}',14),(60,7,'id','text','Id',1,0,0,0,0,0,'{}',1),(61,7,'id_orders','text','Id Orders',1,1,1,1,1,1,'{}',2),(62,7,'id_posts','text','Id Posts',1,1,1,1,1,1,'{}',3),(63,7,'amount','text','Số tiền',1,1,1,1,1,1,'{}',4),(64,7,'price','text','Giá Bán',1,1,1,1,1,1,'{}',5),(65,7,'created_at','timestamp','Created At',0,1,1,1,0,1,'{}',6),(66,7,'updated_at','timestamp','Updated At',0,0,0,0,0,0,'{}',7),(67,8,'id','text','Id',1,0,0,0,0,0,'{}',1),(68,8,'name','text','Tên',1,1,1,1,1,1,'{}',2),(69,8,'company','text','Tên công ty',1,1,1,1,1,1,'{}',3),(70,8,'zipcode','text','Mã bưu điện',1,1,1,1,1,1,'{}',4),(71,8,'phone','text','Số điện thoại',1,1,1,1,1,1,'{}',5),(72,8,'email','text','Email',1,1,1,1,1,1,'{}',6),(73,8,'address','text','Địa chỉ nhà',1,1,1,1,1,1,'{}',7),(74,8,'city','text','Thành phố',1,1,1,1,1,1,'{}',8),(75,8,'district','text','Quận huyện',1,1,1,1,1,1,'{}',9),(76,8,'note','text','Ghi chú',0,1,1,1,1,1,'{}',10),(77,8,'created_at','timestamp','Ngày tạo',0,1,1,1,0,1,'{}',11),(78,8,'updated_at','timestamp','Updated At',0,0,0,0,0,0,'{}',12);
/*!40000 ALTER TABLE `data_rows` ENABLE KEYS */;
UNLOCK TABLES;

--
-- Table structure for table `data_types`
--

DROP TABLE IF EXISTS `data_types`;
/*!40101 SET @saved_cs_client     = @@character_set_client */;
/*!40101 SET character_set_client = utf8 */;
CREATE TABLE `data_types` (
  `id` int(10) unsigned NOT NULL AUTO_INCREMENT,
  `name` varchar(255) COLLATE utf8mb4_unicode_ci NOT NULL,
  `slug` varchar(255) COLLATE utf8mb4_unicode_ci NOT NULL,
  `display_name_singular` varchar(255) COLLATE utf8mb4_unicode_ci NOT NULL,
  `display_name_plural` varchar(255) COLLATE utf8mb4_unicode_ci NOT NULL,
  `icon` varchar(255) COLLATE utf8mb4_unicode_ci DEFAULT NULL,
  `model_name` varchar(255) COLLATE utf8mb4_unicode_ci DEFAULT NULL,
  `policy_name` varchar(255) COLLATE utf8mb4_unicode_ci DEFAULT NULL,
  `controller` varchar(255) COLLATE utf8mb4_unicode_ci DEFAULT NULL,
  `description` varchar(255) COLLATE utf8mb4_unicode_ci DEFAULT NULL,
  `generate_permissions` tinyint(1) NOT NULL DEFAULT '0',
  `server_side` tinyint(4) NOT NULL DEFAULT '0',
  `details` text COLLATE utf8mb4_unicode_ci,
  `created_at` timestamp NULL DEFAULT NULL,
  `updated_at` timestamp NULL DEFAULT NULL,
  PRIMARY KEY (`id`),
  UNIQUE KEY `data_types_name_unique` (`name`),
  UNIQUE KEY `data_types_slug_unique` (`slug`)
) ENGINE=InnoDB AUTO_INCREMENT=9 DEFAULT CHARSET=utf8mb4 COLLATE=utf8mb4_unicode_ci;
/*!40101 SET character_set_client = @saved_cs_client */;

--
-- Dumping data for table `data_types`
--

LOCK TABLES `data_types` WRITE;
/*!40000 ALTER TABLE `data_types` DISABLE KEYS */;
INSERT INTO `data_types` VALUES (1,'users','users','User','Users','voyager-person','TCG\\Voyager\\Models\\User','TCG\\Voyager\\Policies\\UserPolicy','TCG\\Voyager\\Http\\Controllers\\VoyagerUserController','',1,0,NULL,'2019-07-02 21:03:10','2019-07-02 21:03:10'),(2,'menus','menus','Menu','Menus','voyager-list','TCG\\Voyager\\Models\\Menu',NULL,'','',1,0,NULL,'2019-07-02 21:03:11','2019-07-02 21:03:11'),(3,'roles','roles','Role','Roles','voyager-lock','TCG\\Voyager\\Models\\Role',NULL,'','',1,0,NULL,'2019-07-02 21:03:11','2019-07-02 21:03:11'),(4,'categories','categories','Category','Categories','voyager-categories','TCG\\Voyager\\Models\\Category',NULL,'','',1,0,NULL,'2019-07-02 21:03:18','2019-07-02 21:03:18'),(5,'posts','posts','Shop','Shop','voyager-basket','App\\Models\\Post','TCG\\Voyager\\Policies\\PostPolicy',NULL,NULL,1,0,'{\"order_column\":null,\"order_display_column\":null,\"order_direction\":\"desc\",\"default_search_key\":null,\"scope\":null}','2019-07-02 21:03:19','2019-07-05 03:34:17'),(6,'pages','pages','Tin Tức','Tin Tức','voyager-news','App\\Models\\Page',NULL,NULL,NULL,1,0,'{\"order_column\":null,\"order_display_column\":null,\"order_direction\":\"desc\",\"default_search_key\":null,\"scope\":null}','2019-07-02 21:03:20','2019-07-09 02:37:09'),(7,'detail_orders','detail-orders','Chi tiết đơn hàng','Chi tiết đơn hàng','voyager-dollar','App\\Models\\DetailOrder',NULL,NULL,NULL,1,0,'{\"order_column\":null,\"order_display_column\":null,\"order_direction\":\"asc\",\"default_search_key\":null}','2019-07-09 21:16:23','2019-07-09 21:16:23'),(8,'orders','orders','Thông tin khách hàng','Thông tin khách hàng','voyager-group','App\\Models\\Order',NULL,NULL,NULL,1,0,'{\"order_column\":null,\"order_display_column\":null,\"order_direction\":\"asc\",\"default_search_key\":null}','2019-07-09 21:18:54','2019-07-09 21:18:54');
/*!40000 ALTER TABLE `data_types` ENABLE KEYS */;
UNLOCK TABLES;

--
-- Table structure for table `detail_orders`
--

DROP TABLE IF EXISTS `detail_orders`;
/*!40101 SET @saved_cs_client     = @@character_set_client */;
/*!40101 SET character_set_client = utf8 */;
CREATE TABLE `detail_orders` (
  `id` int(10) unsigned NOT NULL AUTO_INCREMENT,
  `id_orders` int(11) NOT NULL,
  `id_posts` int(11) NOT NULL,
  `amount` varchar(255) COLLATE utf8mb4_unicode_ci NOT NULL,
  `price` varchar(255) COLLATE utf8mb4_unicode_ci NOT NULL,
  `created_at` timestamp NULL DEFAULT NULL,
  `updated_at` timestamp NULL DEFAULT NULL,
  PRIMARY KEY (`id`)
) ENGINE=InnoDB AUTO_INCREMENT=13 DEFAULT CHARSET=utf8mb4 COLLATE=utf8mb4_unicode_ci;
/*!40101 SET character_set_client = @saved_cs_client */;

--
-- Dumping data for table `detail_orders`
--

LOCK TABLES `detail_orders` WRITE;
/*!40000 ALTER TABLE `detail_orders` DISABLE KEYS */;
INSERT INTO `detail_orders` VALUES (1,1,3,'3','13990000','2019-07-09 22:56:33','2019-07-09 22:56:33'),(2,1,6,'1','32990000','2019-07-09 22:56:33','2019-07-09 22:56:33'),(3,1,7,'1','35990000','2019-07-09 22:56:33','2019-07-09 22:56:33'),(4,2,3,'3','13990000','2019-07-09 22:56:40','2019-07-09 22:56:40'),(5,2,6,'1','32990000','2019-07-09 22:56:40','2019-07-09 22:56:40'),(6,2,7,'1','35990000','2019-07-09 22:56:40','2019-07-09 22:56:40'),(7,3,3,'3','13990000','2019-07-09 22:56:53','2019-07-09 22:56:53'),(8,3,6,'1','32990000','2019-07-09 22:56:53','2019-07-09 22:56:53'),(9,3,7,'1','35990000','2019-07-09 22:56:53','2019-07-09 22:56:53'),(10,4,3,'3','13990000','2019-07-09 23:06:26','2019-07-09 23:06:26'),(11,4,6,'1','32990000','2019-07-09 23:06:26','2019-07-09 23:06:26'),(12,4,7,'1','35990000','2019-07-09 23:06:26','2019-07-09 23:06:26');
/*!40000 ALTER TABLE `detail_orders` ENABLE KEYS */;
UNLOCK TABLES;

--
-- Table structure for table `menu_items`
--

DROP TABLE IF EXISTS `menu_items`;
/*!40101 SET @saved_cs_client     = @@character_set_client */;
/*!40101 SET character_set_client = utf8 */;
CREATE TABLE `menu_items` (
  `id` int(10) unsigned NOT NULL AUTO_INCREMENT,
  `menu_id` int(10) unsigned DEFAULT NULL,
  `title` varchar(255) COLLATE utf8mb4_unicode_ci NOT NULL,
  `url` varchar(255) COLLATE utf8mb4_unicode_ci NOT NULL,
  `target` varchar(255) COLLATE utf8mb4_unicode_ci NOT NULL DEFAULT '_self',
  `icon_class` varchar(255) COLLATE utf8mb4_unicode_ci DEFAULT NULL,
  `color` varchar(255) COLLATE utf8mb4_unicode_ci DEFAULT NULL,
  `parent_id` int(11) DEFAULT NULL,
  `order` int(11) NOT NULL,
  `created_at` timestamp NULL DEFAULT NULL,
  `updated_at` timestamp NULL DEFAULT NULL,
  `route` varchar(255) COLLATE utf8mb4_unicode_ci DEFAULT NULL,
  `parameters` text COLLATE utf8mb4_unicode_ci,
  PRIMARY KEY (`id`),
  KEY `menu_items_menu_id_foreign` (`menu_id`),
  CONSTRAINT `menu_items_menu_id_foreign` FOREIGN KEY (`menu_id`) REFERENCES `menus` (`id`) ON DELETE CASCADE
) ENGINE=InnoDB AUTO_INCREMENT=19 DEFAULT CHARSET=utf8mb4 COLLATE=utf8mb4_unicode_ci;
/*!40101 SET character_set_client = @saved_cs_client */;

--
-- Dumping data for table `menu_items`
--

LOCK TABLES `menu_items` WRITE;
/*!40000 ALTER TABLE `menu_items` DISABLE KEYS */;
INSERT INTO `menu_items` VALUES (1,1,'Dashboard','','_self','voyager-boat',NULL,NULL,1,'2019-07-02 21:03:12','2019-07-02 21:03:12','voyager.dashboard',NULL),(2,1,'Media','','_self','voyager-images',NULL,15,4,'2019-07-02 21:03:13','2019-07-05 03:16:52','voyager.media.index',NULL),(3,1,'Users','','_self','voyager-person',NULL,15,3,'2019-07-02 21:03:13','2019-07-05 03:16:52','voyager.users.index',NULL),(4,1,'Roles','','_self','voyager-lock',NULL,15,2,'2019-07-02 21:03:13','2019-07-05 03:16:52','voyager.roles.index',NULL),(5,1,'Tools','','_self','voyager-tools',NULL,NULL,6,'2019-07-02 21:03:13','2019-07-09 21:19:58',NULL,NULL),(6,1,'Menu Builder','','_self','voyager-list',NULL,5,1,'2019-07-02 21:03:13','2019-07-05 03:16:38','voyager.menus.index',NULL),(7,1,'Database','','_self','voyager-data',NULL,5,2,'2019-07-02 21:03:13','2019-07-05 03:16:38','voyager.database.index',NULL),(8,1,'Compass','','_self','voyager-compass',NULL,5,3,'2019-07-02 21:03:13','2019-07-05 03:16:38','voyager.compass.index',NULL),(9,1,'BREAD','','_self','voyager-bread',NULL,5,4,'2019-07-02 21:03:13','2019-07-05 03:16:38','voyager.bread.index',NULL),(10,1,'Settings','','_self','voyager-settings',NULL,NULL,7,'2019-07-02 21:03:13','2019-07-09 21:19:58','voyager.settings.index',NULL),(11,1,'Categories','','_self','voyager-categories',NULL,15,1,'2019-07-02 21:03:18','2019-07-05 03:16:52','voyager.categories.index',NULL),(12,1,'Sản Phẩm','','_self','voyager-basket','#000000',NULL,2,'2019-07-02 21:03:19','2019-07-05 03:17:37','voyager.posts.index','null'),(13,1,'Pages','','_self','voyager-file-text',NULL,NULL,3,'2019-07-02 21:03:21','2019-07-05 03:16:49','voyager.pages.index',NULL),(14,1,'Hooks','','_self','voyager-hook',NULL,5,5,'2019-07-02 21:03:23','2019-07-05 03:16:38','voyager.hooks',NULL),(15,1,'User Management','','_self','voyager-people','#000000',NULL,5,'2019-07-05 03:16:33','2019-07-09 21:19:58',NULL,''),(16,1,'Chi tiết đơn hàng','','_self','voyager-dollar',NULL,18,1,'2019-07-09 21:16:23','2019-07-09 21:19:42','voyager.detail-orders.index',NULL),(17,1,'Thông tin khách hàng','','_self','voyager-group',NULL,18,2,'2019-07-09 21:18:54','2019-07-09 21:19:48','voyager.orders.index',NULL),(18,1,'Thông tin đặt hàng','','_self','voyager-archive','#000000',NULL,4,'2019-07-09 21:19:35','2019-07-09 21:20:34',NULL,'');
/*!40000 ALTER TABLE `menu_items` ENABLE KEYS */;
UNLOCK TABLES;

--
-- Table structure for table `menus`
--

DROP TABLE IF EXISTS `menus`;
/*!40101 SET @saved_cs_client     = @@character_set_client */;
/*!40101 SET character_set_client = utf8 */;
CREATE TABLE `menus` (
  `id` int(10) unsigned NOT NULL AUTO_INCREMENT,
  `name` varchar(255) COLLATE utf8mb4_unicode_ci NOT NULL,
  `created_at` timestamp NULL DEFAULT NULL,
  `updated_at` timestamp NULL DEFAULT NULL,
  PRIMARY KEY (`id`),
  UNIQUE KEY `menus_name_unique` (`name`)
) ENGINE=InnoDB AUTO_INCREMENT=2 DEFAULT CHARSET=utf8mb4 COLLATE=utf8mb4_unicode_ci;
/*!40101 SET character_set_client = @saved_cs_client */;

--
-- Dumping data for table `menus`
--

LOCK TABLES `menus` WRITE;
/*!40000 ALTER TABLE `menus` DISABLE KEYS */;
INSERT INTO `menus` VALUES (1,'admin','2019-07-02 21:03:12','2019-07-02 21:03:12');
/*!40000 ALTER TABLE `menus` ENABLE KEYS */;
UNLOCK TABLES;

--
-- Table structure for table `migrations`
--

DROP TABLE IF EXISTS `migrations`;
/*!40101 SET @saved_cs_client     = @@character_set_client */;
/*!40101 SET character_set_client = utf8 */;
CREATE TABLE `migrations` (
  `id` int(10) unsigned NOT NULL AUTO_INCREMENT,
  `migration` varchar(255) COLLATE utf8mb4_unicode_ci NOT NULL,
  `batch` int(11) NOT NULL,
  PRIMARY KEY (`id`)
) ENGINE=InnoDB AUTO_INCREMENT=30 DEFAULT CHARSET=utf8mb4 COLLATE=utf8mb4_unicode_ci;
/*!40101 SET character_set_client = @saved_cs_client */;

--
-- Dumping data for table `migrations`
--

LOCK TABLES `migrations` WRITE;
/*!40000 ALTER TABLE `migrations` DISABLE KEYS */;
INSERT INTO `migrations` VALUES (1,'2014_10_12_000000_create_users_table',1),(2,'2014_10_12_100000_create_password_resets_table',1),(3,'2016_01_01_000000_add_voyager_user_fields',1),(4,'2016_01_01_000000_create_data_types_table',1),(5,'2016_05_19_173453_create_menu_table',1),(6,'2016_10_21_190000_create_roles_table',1),(7,'2016_10_21_190000_create_settings_table',1),(8,'2016_11_30_135954_create_permission_table',1),(9,'2016_11_30_141208_create_permission_role_table',1),(10,'2016_12_26_201236_data_types__add__server_side',1),(11,'2017_01_13_000000_add_route_to_menu_items_table',1),(12,'2017_01_14_005015_create_translations_table',1),(13,'2017_01_15_000000_make_table_name_nullable_in_permissions_table',1),(14,'2017_03_06_000000_add_controller_to_data_types_table',1),(15,'2017_04_21_000000_add_order_to_data_rows_table',1),(16,'2017_07_05_210000_add_policyname_to_data_types_table',1),(17,'2017_08_05_000000_add_group_to_settings_table',1),(18,'2017_11_26_013050_add_user_role_relationship',1),(19,'2017_11_26_015000_create_user_roles_table',1),(20,'2018_03_11_000000_add_user_settings',1),(21,'2018_03_14_000000_add_details_to_data_types_table',1),(22,'2018_03_16_000000_make_settings_value_nullable',1),(23,'2016_01_01_000000_create_pages_table',2),(25,'2016_02_15_204651_create_categories_table',2),(26,'2017_04_11_000000_alter_post_nullable_fields_table',2),(27,'2016_01_01_000000_create_posts_table',3),(28,'2019_07_10_040841_create_orders_table',4),(29,'2019_07_10_040900_create_detail_orders_table',4);
/*!40000 ALTER TABLE `migrations` ENABLE KEYS */;
UNLOCK TABLES;

--
-- Table structure for table `orders`
--

DROP TABLE IF EXISTS `orders`;
/*!40101 SET @saved_cs_client     = @@character_set_client */;
/*!40101 SET character_set_client = utf8 */;
CREATE TABLE `orders` (
  `id` int(10) unsigned NOT NULL AUTO_INCREMENT,
  `name` varchar(255) COLLATE utf8mb4_unicode_ci NOT NULL,
  `company` varchar(255) COLLATE utf8mb4_unicode_ci NOT NULL,
  `zipcode` varchar(255) COLLATE utf8mb4_unicode_ci NOT NULL,
  `phone` varchar(255) COLLATE utf8mb4_unicode_ci NOT NULL,
  `email` varchar(255) COLLATE utf8mb4_unicode_ci NOT NULL,
  `address` varchar(255) COLLATE utf8mb4_unicode_ci NOT NULL,
  `city` varchar(255) COLLATE utf8mb4_unicode_ci NOT NULL,
  `district` varchar(255) COLLATE utf8mb4_unicode_ci NOT NULL,
  `note` varchar(255) COLLATE utf8mb4_unicode_ci DEFAULT NULL,
  `created_at` timestamp NULL DEFAULT NULL,
  `updated_at` timestamp NULL DEFAULT NULL,
  PRIMARY KEY (`id`)
) ENGINE=InnoDB AUTO_INCREMENT=5 DEFAULT CHARSET=utf8mb4 COLLATE=utf8mb4_unicode_ci;
/*!40101 SET character_set_client = @saved_cs_client */;

--
-- Dumping data for table `orders`
--

LOCK TABLES `orders` WRITE;
/*!40000 ALTER TABLE `orders` DISABLE KEYS */;
INSERT INTO `orders` VALUES (1,'Nguyễn Nhi','DFM','54da5aed456ss','0918993459','vutruongdfm@gmail.com','4449 Nguyễn Cửu Phú','HCM','Quận Bình Tân',NULL,'2019-07-09 22:56:32','2019-07-09 22:56:32'),(2,'Nguyễn Nhi','DFM','54da5aed456ss','0918993459','vutruongdfm@gmail.com','4449 Nguyễn Cửu Phú','HCM','Quận Bình Tân',NULL,'2019-07-09 22:56:40','2019-07-09 22:56:40'),(3,'Nguyễn Nhi','DFM','54da5aed456ss','0918993459','vutruongdfm@gmail.com','4449 Nguyễn Cửu Phú','HCM','Quận Bình Tân',NULL,'2019-07-09 22:56:53','2019-07-09 22:56:53'),(4,'Nguyễn Nhi','DFM','54da5aed456ss','0918993459','vutruongdfm@gmail.com','4449 Nguyễn Cửu Phú','HCM','Quận Bình Tân',NULL,'2019-07-09 23:06:26','2019-07-09 23:06:26');
/*!40000 ALTER TABLE `orders` ENABLE KEYS */;
UNLOCK TABLES;

--
-- Table structure for table `pages`
--

DROP TABLE IF EXISTS `pages`;
/*!40101 SET @saved_cs_client     = @@character_set_client */;
/*!40101 SET character_set_client = utf8 */;
CREATE TABLE `pages` (
  `id` int(10) unsigned NOT NULL AUTO_INCREMENT,
  `author_id` int(11) NOT NULL,
  `title` varchar(255) COLLATE utf8mb4_unicode_ci NOT NULL,
  `excerpt` text COLLATE utf8mb4_unicode_ci,
  `body` text COLLATE utf8mb4_unicode_ci,
  `image` varchar(255) COLLATE utf8mb4_unicode_ci DEFAULT NULL,
  `slug` varchar(255) COLLATE utf8mb4_unicode_ci NOT NULL,
  `meta_description` text COLLATE utf8mb4_unicode_ci,
  `meta_keywords` text COLLATE utf8mb4_unicode_ci,
  `status` enum('ACTIVE','INACTIVE') COLLATE utf8mb4_unicode_ci NOT NULL DEFAULT 'INACTIVE',
  `created_at` timestamp NULL DEFAULT NULL,
  `updated_at` timestamp NULL DEFAULT NULL,
  PRIMARY KEY (`id`),
  UNIQUE KEY `pages_slug_unique` (`slug`)
) ENGINE=InnoDB AUTO_INCREMENT=7 DEFAULT CHARSET=utf8mb4 COLLATE=utf8mb4_unicode_ci;
/*!40101 SET character_set_client = @saved_cs_client */;

--
-- Dumping data for table `pages`
--

LOCK TABLES `pages` WRITE;
/*!40000 ALTER TABLE `pages` DISABLE KEYS */;
INSERT INTO `pages` VALUES (2,1,'Apple tung ra iOS 13 Public Beta 2 cho người dùng iPhone','Hôm nay, Apple đã phát hành phiên bản beta công khai thứ hai của iOS 13 và iPadOS 13. Bản cập nhật xuất hiện hai tuần sau khi công ty tung ra phiên bản public beta đầu tiên của hệ điều hành mới cho người dùng iPhone...','<p style=\"box-sizing: inherit; margin: 0px; padding: 0px; border: 0px; font-size: 16px; vertical-align: baseline; background: transparent; color: #333333; font-family: sfd-font, Arial, Helvetica, sans-serif; text-align: justify;\">&nbsp;</p>\r\n<p style=\"box-sizing: inherit; margin: 0px; padding: 0px; border: 0px; font-size: 16px; vertical-align: baseline; background: transparent; color: #333333; font-family: sfd-font, Arial, Helvetica, sans-serif; text-align: center;\"><img id=\"iOS 13 Public Beta 2\" style=\"box-sizing: inherit; border: 0px; vertical-align: middle; margin: 0px; padding: 0px; background: transparent; max-width: 100%; width: 800px;\" title=\"iOS 13 Public Beta 2\" src=\"http://fptshop.com.vn/uploads/images/tin-tuc/91058/Originals/ios-13-public-beta-2-fptshop-03.jpg\" alt=\"iOS 13 Public Beta 2\" longdesc=\"https://fstudiobyfpt.com.vn/tin-tuc/iOS%2013%20Public%20Beta%202\" data-pagespeed-url-hash=\"2165709804\" /></p>\r\n<p style=\"box-sizing: inherit; margin: 0px; padding: 0px; border: 0px; font-size: 16px; vertical-align: baseline; background: transparent; color: #333333; font-family: sfd-font, Arial, Helvetica, sans-serif; text-align: center;\">&nbsp;</p>\r\n<p style=\"box-sizing: inherit; margin: 0px; padding: 0px; border: 0px; font-size: 16px; vertical-align: baseline; background: transparent; color: #333333; font-family: sfd-font, Arial, Helvetica, sans-serif; text-align: justify;\">Nếu bạn đang chạy bản public beta của iOS 13 hoặc iPadOS 13, bạn sẽ c&oacute; thể nhận được cập nhật th&ocirc;ng qua ứng dụng C&agrave;i đặt tr&ecirc;n iPhone hoặc iPad. Bản cập nhật được tung ra trong ng&agrave;y h&ocirc;m nay v&agrave; c&oacute; sẵn cho mọi người d&ugrave;ng. Nếu bạn chưa chạy bản beta của iOS 13, h&atilde;y đọc hướng dẫn của FPT Shop để c&agrave;i đặt thử nghiệm hệ điều h&agrave;nh mới.</p>\r\n<p style=\"box-sizing: inherit; margin: 0px; padding: 0px; border: 0px; font-size: 16px; vertical-align: baseline; background: transparent; color: #333333; font-family: sfd-font, Arial, Helvetica, sans-serif; text-align: justify;\">&nbsp;</p>\r\n<p style=\"box-sizing: inherit; margin: 0px; padding: 0px; border: 0px; font-size: 16px; vertical-align: baseline; background: transparent; color: #333333; font-family: sfd-font, Arial, Helvetica, sans-serif; text-align: justify;\">Ngo&agrave;i phi&ecirc;n bản public beta mới của iOS 13, Apple cũng ph&aacute;t h&agrave;nh phi&ecirc;n bản beta thứ 3 d&agrave;nh cho nh&agrave; ph&aacute;t triển của iOS 13 cho iPhone 7. Apple đ&atilde; ph&aacute;t h&agrave;nh phi&ecirc;n bản beta d&agrave;nh cho nh&agrave; ph&aacute;t triển iOS 13 v&agrave;o tuần trước, nhưng iPhone 7 kh&ocirc;ng nhận được bản cập nhật v&agrave;o thời điểm đ&oacute;.</p>\r\n<p style=\"box-sizing: inherit; margin: 0px; padding: 0px; border: 0px; font-size: 16px; vertical-align: baseline; background: transparent; color: #333333; font-family: sfd-font, Arial, Helvetica, sans-serif; text-align: justify;\">&nbsp;</p>\r\n<p style=\"box-sizing: inherit; margin: 0px; padding: 0px; border: 0px; font-size: 16px; vertical-align: baseline; background: transparent; color: #333333; font-family: sfd-font, Arial, Helvetica, sans-serif; text-align: center;\"><img id=\"iOS 13 Public Beta 2\" style=\"box-sizing: inherit; border: 0px; vertical-align: middle; margin: 0px; padding: 0px; background: transparent; max-width: 100%; width: 800px;\" title=\"iOS 13 Public Beta 2\" src=\"http://fptshop.com.vn/uploads/images/tin-tuc/91058/Originals/ios-13-public-beta-2-fptshop-01.jpg\" alt=\"iOS 13 Public Beta 2\" longdesc=\"https://fstudiobyfpt.com.vn/tin-tuc/iOS%2013%20Public%20Beta%202\" data-pagespeed-url-hash=\"1576709962\" /></p>\r\n<p style=\"box-sizing: inherit; margin: 0px; padding: 0px; border: 0px; font-size: 16px; vertical-align: baseline; background: transparent; color: #333333; font-family: sfd-font, Arial, Helvetica, sans-serif; text-align: justify;\">&nbsp;</p>\r\n<p style=\"box-sizing: inherit; margin: 0px; padding: 0px; border: 0px; font-size: 16px; vertical-align: baseline; background: transparent; color: #333333; font-family: sfd-font, Arial, Helvetica, sans-serif; text-align: justify;\">Phi&ecirc;n bản iOS 13 beta 3 bao gồm một số thay đổi v&agrave; cải tiến. Đ&aacute;ng ch&uacute; &yacute; nhất, bản cập nhật bao gồm một t&iacute;nh năng Sửa lỗi ch&uacute; &yacute; FaceTime mới sử dụng ARKit để gi&uacute;p bạn tr&ocirc;ng giống như đang nh&igrave;n ch&iacute;nh diện v&agrave;o camera khi tr&ograve; chuyện FaceTime.</p>','pages/July2019/21WuzkYqKxTfkOunxSI4.jpg','apple-tung-ra-ios-13-public-beta-2-cho-ng-oi-dung-iphone','Apple tung ra iOS 13 Public Beta 2 cho người dùng iPhone','Apple tung ra iOS 13 Public Beta 2 cho người dùng iPhone','INACTIVE','2019-07-09 02:12:27','2019-07-09 02:56:18'),(3,1,'Cách ẩn ảnh mà bạn không muốn người khác nhìn thấy trong Google Photos','Nếu bạn không muốn người lạ nhìn thấy những bức ảnh riêng tư trên Google Photo, thì đây là cách đơn giản để bạn tạm ẩn đi chúng.','<p style=\"box-sizing: inherit; margin: 0px; padding: 0px; border: 0px; font-size: 16px; vertical-align: baseline; background: transparent; color: #333333; font-family: sfd-font, Arial, Helvetica, sans-serif; text-align: justify;\"><span style=\"box-sizing: inherit; margin: 0px; padding: 0px; border: 0px; font-size: 14px; vertical-align: baseline; background: transparent;\">Google Photos l&agrave; một ứng dụng kh&aacute; ho&agrave;n hảo v&agrave; tiện dụng để tự động lưu trữ v&agrave; sắp xếp ảnh của bạn tr&ecirc;n đ&aacute;m m&acirc;y. Tất nhi&ecirc;n, c&oacute; những trường hợp trong đ&oacute; tải l&ecirc;n tự động kh&ocirc;ng th&iacute;ch hợp hơn. Điều n&agrave;y đặc biệt đ&uacute;ng nếu bạn t&igrave;nh cờ chia sẻ t&agrave;i khoản Google Photos với c&aacute;c th&agrave;nh vi&ecirc;n gia đ&igrave;nh hoặc một người quan trọng kh&aacute;c.</span></p>\r\n<p style=\"box-sizing: inherit; margin: 0px; padding: 0px; border: 0px; font-size: 16px; vertical-align: baseline; background: transparent; color: #333333; font-family: sfd-font, Arial, Helvetica, sans-serif; text-align: center;\"><span style=\"box-sizing: inherit; margin: 0px; padding: 0px; border: 0px; font-size: 14px; vertical-align: baseline; background: transparent;\"><img id=\"ưng dụng ảnh Google Photo\" style=\"box-sizing: inherit; border: 0px; vertical-align: middle; margin: 0px; padding: 0px; background: transparent; max-width: 100%; width: 800px;\" title=\"ưng dụng ảnh Google Photo\" src=\"http://fptshop.com.vn/uploads/images/tin-tuc/91044/Originals/ung-dung-google-danh-cho-iphone.jpg\" alt=\"ưng dụng ảnh Google Photo\" longdesc=\"https://fstudiobyfpt.com.vn/tin-tuc/%C6%B0ng%20d%E1%BB%A5ng%20%E1%BA%A3nh%20Google%20Photo\" data-pagespeed-url-hash=\"189060368\" /></span></p>\r\n<p style=\"box-sizing: inherit; margin: 0px; padding: 0px; border: 0px; font-size: 16px; vertical-align: baseline; background: transparent; color: #333333; font-family: sfd-font, Arial, Helvetica, sans-serif; text-align: justify;\">Rất may, Google d&atilde; ra mắt t&iacute;nh năng mới, cho ph&eacute;p bạn ẩn những bức h&igrave;nh ri&ecirc;ng tư m&agrave; m&igrave;nh kh&ocirc;ng muốn người kh&aacute;c nh&igrave;n thấy trong những trường hợp nhất định. Dưới đ&acirc;y l&agrave; c&aacute;ch bạn thực hiện điều đ&oacute;:</p>\r\n<p style=\"box-sizing: inherit; margin: 0px; padding: 0px; border: 0px; font-size: 16px; vertical-align: baseline; background: transparent; color: #333333; font-family: sfd-font, Arial, Helvetica, sans-serif; text-align: justify;\"><span style=\"box-sizing: inherit; font-weight: 600; margin: 0px; padding: 0px; border: 0px; vertical-align: baseline; background: transparent;\">Bước 1:</span>&nbsp;Chọn ứng dụng ảnh Google PHOTO</p>\r\n<p style=\"box-sizing: inherit; margin: 0px; padding: 0px; border: 0px; font-size: 16px; vertical-align: baseline; background: transparent; color: #333333; font-family: sfd-font, Arial, Helvetica, sans-serif; text-align: justify;\"><span style=\"box-sizing: inherit; font-weight: 600; margin: 0px; padding: 0px; border: 0px; vertical-align: baseline; background: transparent;\">Bước 2:</span>&nbsp;Chọn những bức ảnh m&agrave; bạn kh&ocirc;ng muốn mọi người nh&igrave;n thấy</p>\r\n<p style=\"box-sizing: inherit; margin: 0px; padding: 0px; border: 0px; font-size: 16px; vertical-align: baseline; background: transparent; color: #333333; font-family: sfd-font, Arial, Helvetica, sans-serif; text-align: justify;\"><span style=\"box-sizing: inherit; font-weight: 600; margin: 0px; padding: 0px; border: 0px; vertical-align: baseline; background: transparent;\">Bước 3:</span>&nbsp;Chạm v&agrave;o dấu ba chấm b&ecirc;n g&oacute;c phải của ứng dụng</p>\r\n<p style=\"box-sizing: inherit; margin: 0px; padding: 0px; border: 0px; font-size: 16px; vertical-align: baseline; background: transparent; color: #333333; font-family: sfd-font, Arial, Helvetica, sans-serif; text-align: justify;\"><span style=\"box-sizing: inherit; font-weight: 600; margin: 0px; padding: 0px; border: 0px; vertical-align: baseline; background: transparent;\">Bước 4</span>: Nhấn \"lưu trữ\"</p>\r\n<p style=\"box-sizing: inherit; margin: 0px; padding: 0px; border: 0px; font-size: 16px; vertical-align: baseline; background: transparent; color: #333333; font-family: sfd-font, Arial, Helvetica, sans-serif; text-align: justify;\">Từ đ&acirc;y, ảnh của bạn sẽ biến mất khỏi nguồn cấp dữ liệu Google Photos ch&iacute;nh, nhưng ch&uacute;ng sẽ kh&ocirc;ng biến mất. Nếu bạn muốn xem ảnh lưu trữ của m&igrave;nh, chỉ cần nhấn v&agrave;o n&uacute;t menu ch&iacute;nh ở g&oacute;c tr&ecirc;n b&ecirc;n tr&aacute;i. Bạn sẽ thấy một t&ugrave;y chọn cho biết, Lưu trữ bản sao - Đ&acirc;y l&agrave; nơi những bức ảnh được lưu trữ sẽ tồn tại. Chạm v&agrave;o n&uacute;t Lưu trữ v&agrave; bạn sẽ thấy tất cả những bức ảnh được sắp xếp theo ng&agrave;y.</p>','pages/July2019/yMAKczGPQrzcidTGDNnk.jpg','cach-an-anh-ma-ban-khong-muon-ng-oi-khac-nhin-thay-trong-google-photos','Cách ẩn ảnh mà bạn không muốn người khác nhìn thấy trong Google Photos','Cách ẩn ảnh mà bạn không muốn người khác nhìn thấy trong Google Photos','INACTIVE','2019-07-09 02:14:03','2019-07-09 02:55:54'),(4,1,'Tất tần tật những thông tin sốt dẻo về thế hệ iPhone 2020 mà bạn cần biết','Từ nhiều nguồn tin rò rỉ, ta có thể thấy được rằng dòng điện thoại iPhone 2020 của Apple sẽ đánh dấu những bước nhảy ngoạn mục về thiết kế và công nghệ.','<p dir=\"ltr\" style=\"box-sizing: inherit; margin: 0px; padding: 0px; border: 0px; font-size: 16px; vertical-align: baseline; background: transparent; color: #333333; font-family: sfd-font, Arial, Helvetica, sans-serif; text-align: justify;\"><span style=\"box-sizing: inherit; margin: 0px; padding: 0px; border: 0px; font-size: 14px; vertical-align: baseline; background: transparent;\">Mặc d&ugrave; ng&agrave;y ra mắt của iPhone 2019 đ&atilde; cận kề nhưng c&aacute;c tin đồn lại cho rằng thế hệ iPhone tiếp theo của&nbsp;<a style=\"box-sizing: inherit; background: transparent; color: #000000; text-decoration-line: none; margin: 0px; padding: 0px; vertical-align: baseline; outline: none;\" title=\"Apple\" href=\"https://fstudiobyfpt.com.vn/\" target=\"_blank\" rel=\"noopener\" type=\"Apple\">Apple</a>&nbsp;sẽ kh&ocirc;ng c&oacute; g&igrave; th&uacute; vị. Thay v&agrave;o đ&oacute;, những cải tiến dự kiến tr&ecirc;n chiếc iPhone 2020 được cho l&agrave; đ&aacute;ng tiền để n&acirc;ng cấp hơn.</span></p>\r\n<p dir=\"ltr\" style=\"box-sizing: inherit; margin: 0px; padding: 0px; border: 0px; font-size: 16px; vertical-align: baseline; background: transparent; color: #333333; font-family: sfd-font, Arial, Helvetica, sans-serif; text-align: justify;\">V&igrave; vậy, trong b&agrave;i viết dưới đ&acirc;y h&atilde;y c&ugrave;ng xem thế hệ iPhone 2020 sẽ c&oacute; những cải tiến n&agrave;o đ&aacute;ng tiền nh&eacute;!</p>\r\n<p style=\"box-sizing: inherit; margin: 0px; padding: 0px; border: 0px; font-size: 16px; vertical-align: baseline; background: transparent; color: #333333; font-family: sfd-font, Arial, Helvetica, sans-serif; text-align: center;\"><img id=\"Tổng hợp th&ocirc;ng tin iPhone 2020 (ảnh 1)\" style=\"box-sizing: inherit; border: 0px; vertical-align: middle; margin: 0px; padding: 0px; background: transparent; max-width: 100%; width: 800px;\" title=\"Tổng hợp th&ocirc;ng tin iPhone 2020 (ảnh 1)\" src=\"http://fptshop.com.vn/uploads/images/tin-tuc/90974/Originals/tong-hop-tin-don-iPhone-12-1.jpg\" alt=\"Tổng hợp th&ocirc;ng tin iPhone 2020 (ảnh 1)\" longdesc=\"https://fstudiobyfpt.com.vn/tin-tuc/T%E1%BB%95ng%20h%E1%BB%A3p%20th%C3%B4ng%20tin%20iPhone%202020%20(%E1%BA%A3nh%201)\" data-pagespeed-url-hash=\"2465470283\" /></p>\r\n<h3 dir=\"ltr\" style=\"box-sizing: inherit; font-family: sfd-font, Arial, Helvetica, sans-serif; font-weight: normal; line-height: 1.1; color: #333333; margin: 0px; font-size: 16px; padding: 0px; border: 0px; vertical-align: baseline; background: transparent; text-align: justify;\"><span style=\"box-sizing: inherit; font-weight: 600; margin: 0px; padding: 0px; border: 0px; vertical-align: baseline; background: transparent;\">Thiết kế: Tạm biệt notch!</span></h3>\r\n<p dir=\"ltr\" style=\"box-sizing: inherit; margin: 0px; padding: 0px; border: 0px; font-size: 16px; vertical-align: baseline; background: transparent; color: #333333; font-family: sfd-font, Arial, Helvetica, sans-serif; text-align: justify;\">Thiết kế notch đ&atilde; trở th&agrave;nh một chủ đề g&acirc;y tranh c&atilde;i kể từ khi iPhone X xuất hiện v&agrave;o năm 2017. Để nhường chỗ cho camera trước, loa v&agrave; c&aacute;c cảm biến của Face ID, Apple đ&atilde; phải cắt bỏ một phần h&igrave;nh chữ nhật từ m&agrave;n h&igrave;nh cạnh-cạnh.</p>\r\n<p dir=\"ltr\" style=\"box-sizing: inherit; margin: 0px; padding: 0px; border: 0px; font-size: 16px; vertical-align: baseline; background: transparent; color: #333333; font-family: sfd-font, Arial, Helvetica, sans-serif; text-align: justify;\">R&otilde; r&agrave;ng l&agrave; &ldquo;tai thỏ&rdquo; sẽ kh&ocirc;ng tồn tại l&acirc;u - đ&oacute; như l&agrave; một giải ph&aacute;p tạm thời cho đến khi c&ocirc;ng nghệ ph&aacute;t triển đến mức c&aacute;c cảm biến c&oacute; thể được giấu dưới m&agrave;n h&igrave;nh hoặc được l&agrave;m nhỏ hơn để ch&uacute;ng c&oacute; thể vừa với kh&ocirc;ng gian nhỏ hơn.</p>\r\n<p style=\"box-sizing: inherit; margin: 0px; padding: 0px; border: 0px; font-size: 16px; vertical-align: baseline; background: transparent; color: #333333; font-family: sfd-font, Arial, Helvetica, sans-serif; text-align: center;\"><img id=\"Tổng hợp th&ocirc;ng tin iPhone 2020 (ảnh 2)\" style=\"box-sizing: inherit; border: 0px; vertical-align: middle; margin: 0px; padding: 0px; background: transparent; max-width: 100%; width: 800px;\" title=\"Tổng hợp th&ocirc;ng tin iPhone 2020 (ảnh 2)\" src=\"http://fptshop.com.vn/uploads/images/tin-tuc/90974/Originals/tong-hop-tin-don-iPhone-12-2.jpg\" alt=\"Tổng hợp th&ocirc;ng tin iPhone 2020 (ảnh 2)\" longdesc=\"https://fstudiobyfpt.com.vn/tin-tuc/T%E1%BB%95ng%20h%E1%BB%A3p%20th%C3%B4ng%20tin%20iPhone%202020%20(%E1%BA%A3nh%202)\" data-pagespeed-url-hash=\"2759970204\" /></p>\r\n<p dir=\"ltr\" style=\"box-sizing: inherit; margin: 0px; padding: 0px; border: 0px; font-size: 16px; vertical-align: baseline; background: transparent; color: #333333; font-family: sfd-font, Arial, Helvetica, sans-serif; text-align: justify;\">Trong khi c&aacute;c b&aacute;o c&aacute;o gần đ&acirc;y cho rằng thế hệ iPhone 2019 vẫn tiếp tục sử dụng m&agrave;n h&igrave;nh &ldquo;tai thỏ&rdquo; th&igrave; dự kiến notch sẽ biến mất tr&ecirc;n thế hệ iPhone 2020. Theo c&aacute;c tin đồn thời gian qua, c&oacute; vẻ như &ldquo;T&aacute;o khuyết&rdquo; sẽ chuyển đổi &ldquo;tai thỏ&rdquo; sang h&igrave;nh dạng vi&ecirc;n thuốc trong m&agrave;n h&igrave;nh, giống như Galaxy S10+ với camera selfie k&eacute;p. Tuy vậy, c&aacute;c chuy&ecirc;n gia c&ocirc;ng nghệ vẫn kỳ vọng Apple sẽ chuyển m&aacute;y qu&eacute;t Face ID xuống dưới m&agrave;n h&igrave;nh.</p>\r\n<p dir=\"ltr\" style=\"box-sizing: inherit; margin: 0px; padding: 0px; border: 0px; font-size: 16px; vertical-align: baseline; background: transparent; color: #333333; font-family: sfd-font, Arial, Helvetica, sans-serif; text-align: center;\"><img id=\"Tổng hợp th&ocirc;ng tin iPhone 2020 (ảnh 3)\" style=\"box-sizing: inherit; border: 0px; vertical-align: middle; margin: 0px; padding: 0px; background: transparent; max-width: 100%; width: 800px;\" title=\"Tổng hợp th&ocirc;ng tin iPhone 2020 (ảnh 3)\" src=\"http://fptshop.com.vn/uploads/images/tin-tuc/90974/Originals/tong-hop-tin-don-iPhone-12-9.jpg\" alt=\"Tổng hợp th&ocirc;ng tin iPhone 2020 (ảnh 3)\" longdesc=\"https://fstudiobyfpt.com.vn/tin-tuc/T%E1%BB%95ng%20h%E1%BB%A3p%20th%C3%B4ng%20tin%20iPhone%202020%20(%E1%BA%A3nh%203)\" data-pagespeed-url-hash=\"526502355\" /></p>\r\n<p dir=\"ltr\" style=\"box-sizing: inherit; margin: 0px; padding: 0px; border: 0px; font-size: 16px; vertical-align: baseline; background: transparent; color: #333333; font-family: sfd-font, Arial, Helvetica, sans-serif; text-align: justify;\">Mặt sau của điện thoại th&igrave; sao? C&aacute;c nguồn tin cho rằng d&ugrave; sớm hay muộn, &ldquo;&ocirc;ng tr&ugrave;m&rdquo; c&ocirc;ng nghệ c&oacute; trụ sở tại Cupertino sẽ chuyển sang m&ocirc;-đun 3 camera sau với thiết kế h&igrave;nh vu&ocirc;ng giống như c&aacute;c concept của iPhone XI.</p>\r\n<p dir=\"ltr\" style=\"box-sizing: inherit; margin: 0px; padding: 0px; border: 0px; font-size: 16px; vertical-align: baseline; background: transparent; color: #333333; font-family: sfd-font, Arial, Helvetica, sans-serif; text-align: justify;\">Hiện tại, c&aacute;c tin đồn đang trong t&igrave;nh trạng hỗn loạn, v&igrave; c&aacute;c b&aacute;o c&aacute;o mới nhất tuy&ecirc;n bố rằng Apple đ&atilde; từ bỏ 3 camera cho iPhone năm nay. Tuy nhi&ecirc;n, ng&agrave;nh c&ocirc;ng nghiệp đang hướng tới ti&ecirc;u chuẩn 3 camera. V&igrave; vậy, nếu iPhone 2019 kh&ocirc;ng c&oacute; 3 ống k&iacute;nh th&igrave; những chiếc iPhone 2020 sẽ c&oacute;.</p>\r\n<h3 dir=\"ltr\" style=\"box-sizing: inherit; font-family: sfd-font, Arial, Helvetica, sans-serif; font-weight: normal; line-height: 1.1; color: #333333; margin: 0px; font-size: 16px; padding: 0px; border: 0px; vertical-align: baseline; background: transparent; text-align: justify;\"><span style=\"box-sizing: inherit; font-weight: 600; margin: 0px; padding: 0px; border: 0px; vertical-align: baseline; background: transparent;\">M&agrave;n h&igrave;nh</span></h3>\r\n<p dir=\"ltr\" style=\"box-sizing: inherit; margin: 0px; padding: 0px; border: 0px; font-size: 16px; vertical-align: baseline; background: transparent; color: #333333; font-family: sfd-font, Arial, Helvetica, sans-serif; text-align: justify;\">Kể từ khi iPhone X ra mắt v&agrave;o năm 2017, Apple đ&atilde; dần chuyển sang m&agrave;n h&igrave;nh OLED v&agrave; loại bỏ m&agrave;n h&igrave;nh LCD cũ. Năm 2018, trong số ba mẫu mới - iPhone XS, iPhone XS Max v&agrave; iPhone XR - XR l&agrave; mẫu iPhone duy nhất c&oacute; m&agrave;n h&igrave;nh LCD.</p>\r\n<p style=\"box-sizing: inherit; margin: 0px; padding: 0px; border: 0px; font-size: 16px; vertical-align: baseline; background: transparent; color: #333333; font-family: sfd-font, Arial, Helvetica, sans-serif; text-align: justify;\"><img id=\"Tổng hợp th&ocirc;ng tin iPhone 2020 (ảnh 4)\" style=\"box-sizing: inherit; border: 0px; vertical-align: middle; margin: 0px; padding: 0px; background: transparent; max-width: 100%; width: 800px;\" title=\"Tổng hợp th&ocirc;ng tin iPhone 2020 (ảnh 4)\" src=\"http://fptshop.com.vn/uploads/images/tin-tuc/90974/Originals/tong-hop-tin-don-iPhone-12-5.jpg\" alt=\"Tổng hợp th&ocirc;ng tin iPhone 2020 (ảnh 4)\" longdesc=\"https://fstudiobyfpt.com.vn/tin-tuc/T%E1%BB%95ng%20h%E1%BB%A3p%20th%C3%B4ng%20tin%20iPhone%202020%20(%E1%BA%A3nh%204)\" data-pagespeed-url-hash=\"3643469967\" /></p>\r\n<p dir=\"ltr\" style=\"box-sizing: inherit; margin: 0px; padding: 0px; border: 0px; font-size: 16px; vertical-align: baseline; background: transparent; color: #333333; font-family: sfd-font, Arial, Helvetica, sans-serif; text-align: justify;\">Điều tương tự sẽ xảy ra tr&ecirc;n thế hệ iPhone 2019, nhưng dự kiến v&agrave;o năm 2020, tất cả c&aacute;c th&agrave;nh vi&ecirc;n của iPhone 2020 đều sử dụng m&agrave;n h&igrave;nh OLED. Theo một b&aacute;o c&aacute;o gần đ&acirc;y, k&iacute;ch thước c&aacute;c m&agrave;n h&igrave;nh sẽ lần lượt l&agrave; 5.42 inch, 6.06 inch v&agrave; 6.67 inch. N&oacute;i c&aacute;ch kh&aacute;c, người kế nhiệm iPhone XS sẽ nhỏ hơn một ch&uacute;t, iPhone XR 2020 sẽ c&oacute; c&ugrave;ng k&iacute;ch thước v&agrave; &ldquo;hậu duệ&rdquo; của XS Max sẽ lớn hơn một ch&uacute;t so với hiện tại.</p>\r\n<p dir=\"ltr\" style=\"box-sizing: inherit; margin: 0px; padding: 0px; border: 0px; font-size: 16px; vertical-align: baseline; background: transparent; color: #333333; font-family: sfd-font, Arial, Helvetica, sans-serif; text-align: justify;\">Vậy Apple sẽ ph&acirc;n biệt d&ograve;ng iPhone XR từ như thế n&agrave;o? Hiện tại, iPhone XR l&agrave; phi&ecirc;n bản &ldquo;gi&aacute; rẻ&rdquo; v&igrave; chỉ c&oacute; camera sau đơn v&agrave; viền d&agrave;y do m&agrave;n h&igrave;nh LCD. Nếu c&aacute;c mẫu iPhone XR tương lai được t&iacute;ch hợp m&agrave;n h&igrave;nh OLED, ch&uacute;ng sẽ dần lấn lướt c&aacute;c phi&ecirc;n bản iPhone đắt tiền hơn. Do đ&oacute;, h&atilde;y chờ th&ecirc;m một thời gian nữa để xem Apple giải quyết vấn đề n&agrave;y như thế n&agrave;o nh&eacute;!</p>\r\n<h3 dir=\"ltr\" style=\"box-sizing: inherit; font-family: sfd-font, Arial, Helvetica, sans-serif; font-weight: normal; line-height: 1.1; color: #333333; margin: 0px; font-size: 16px; padding: 0px; border: 0px; vertical-align: baseline; background: transparent; text-align: justify;\"><span style=\"box-sizing: inherit; font-weight: 600; margin: 0px; padding: 0px; border: 0px; vertical-align: baseline; background: transparent;\">Phần cứng</span></h3>\r\n<p dir=\"ltr\" style=\"box-sizing: inherit; margin: 0px; padding: 0px; border: 0px; font-size: 16px; vertical-align: baseline; background: transparent; color: #333333; font-family: sfd-font, Arial, Helvetica, sans-serif; text-align: justify;\">Bộ xử l&yacute; Apple A12 Bionic đ&atilde; v&ocirc; c&ugrave;ng mạnh mẽ. Nhiều người sẽ cho rằng n&oacute; bị iOS &ldquo;k&igrave;m h&atilde;m&rdquo; nhưng điểm cuối c&ugrave;ng l&agrave; n&oacute; cung cấp hiệu năng si&ecirc;u nhanh v&agrave; n&acirc;ng khả năng chụp ảnh t&iacute;nh to&aacute;n của iPhone XS l&ecirc;n một tầm cao ho&agrave;n to&agrave;n mới.</p>\r\n<p dir=\"ltr\" style=\"box-sizing: inherit; margin: 0px; padding: 0px; border: 0px; font-size: 16px; vertical-align: baseline; background: transparent; color: #333333; font-family: sfd-font, Arial, Helvetica, sans-serif; text-align: center;\"><img id=\"Tổng hợp th&ocirc;ng tin iPhone 2020 (ảnh 5)\" style=\"box-sizing: inherit; border: 0px; vertical-align: middle; margin: 0px; padding: 0px; background: transparent; max-width: 100%; width: 800px;\" title=\"Tổng hợp th&ocirc;ng tin iPhone 2020 (ảnh 5)\" src=\"http://fptshop.com.vn/uploads/images/tin-tuc/90974/Originals/tong-hop-tin-don-iPhone-12-6.jpg\" alt=\"Tổng hợp th&ocirc;ng tin iPhone 2020 (ảnh 5)\" longdesc=\"https://fstudiobyfpt.com.vn/tin-tuc/T%E1%BB%95ng%20h%E1%BB%A3p%20th%C3%B4ng%20tin%20iPhone%202020%20(%E1%BA%A3nh%205)\" data-pagespeed-url-hash=\"3937969888\" /></p>\r\n<p dir=\"ltr\" style=\"box-sizing: inherit; margin: 0px; padding: 0px; border: 0px; font-size: 16px; vertical-align: baseline; background: transparent; color: #333333; font-family: sfd-font, Arial, Helvetica, sans-serif; text-align: justify;\">V&agrave;o năm 2020, Apple nhiều khả năng sẽ giới thiệu một con chip mới được x&acirc;y dựng tr&ecirc;n quy tr&igrave;nh 5nm, chắc chắn sẽ mạnh hơn rất nhiều so với A12 Bionic tr&ecirc;n iPhone XS hiện tại. Về cơ bản, khoảng c&aacute;ch giữa c&aacute;c th&agrave;nh phần c&agrave;ng nhỏ th&igrave; ch&uacute;ng c&agrave;ng ti&ecirc;u tốn &iacute;t năng lượng v&agrave; k&iacute;ch thước bộ xử l&yacute; c&agrave;ng nhỏ. Chip A12 hiện tại được x&acirc;y dựng tr&ecirc;n quy tr&igrave;nh 7nm, kh&aacute; ấn tượng. Tuy nhi&ecirc;n, với việc được x&acirc;y dựng tr&ecirc;n tiến tr&igrave;nh 5nm th&igrave; tốc độ dự kiến ​​cho bộ xử l&yacute; A14 của Apple sẽ nhanh hơn khoảng 15% so với A12.</p>\r\n<h3 dir=\"ltr\" style=\"box-sizing: inherit; font-family: sfd-font, Arial, Helvetica, sans-serif; font-weight: normal; line-height: 1.1; color: #333333; margin: 0px; font-size: 16px; padding: 0px; border: 0px; vertical-align: baseline; background: transparent; text-align: justify;\"><span style=\"box-sizing: inherit; font-weight: 600; margin: 0px; padding: 0px; border: 0px; vertical-align: baseline; background: transparent;\">Camera</span></h3>\r\n<p dir=\"ltr\" style=\"box-sizing: inherit; margin: 0px; padding: 0px; border: 0px; font-size: 16px; vertical-align: baseline; background: transparent; color: #333333; font-family: sfd-font, Arial, Helvetica, sans-serif; text-align: justify;\">M&ocirc;-đun camera 3 ống k&iacute;nh đ&atilde; thực sự b&ugrave;ng nổ trong năm qua v&agrave; việc Apple tham gia sẽ chỉ l&agrave; sớm hay muộn. Hiện tại, c&aacute;c chuy&ecirc;n gia đang mong đợi d&ograve;ng iPhone 2019 sẽ c&oacute; 3 camera ở mặt sau (iPhone XR kế nhiệm sẽ c&oacute; 2 ống k&iacute;nh). Tuy nhi&ecirc;n, vẫn c&oacute; khả năng &ldquo;T&aacute;o khuyết&rdquo; sẽ đẩy c&aacute;c kế hoạch n&agrave;y trở lại sau một năm.</p>\r\n<p style=\"box-sizing: inherit; margin: 0px; padding: 0px; border: 0px; font-size: 16px; vertical-align: baseline; background: transparent; color: #333333; font-family: sfd-font, Arial, Helvetica, sans-serif; text-align: justify;\"><img id=\"Tổng hợp th&ocirc;ng tin iPhone 2020 (ảnh 6)\" style=\"box-sizing: inherit; border: 0px; vertical-align: middle; margin: 0px; padding: 0px; background: transparent; max-width: 100%; width: 800px;\" title=\"Tổng hợp th&ocirc;ng tin iPhone 2020 (ảnh 6)\" src=\"http://fptshop.com.vn/uploads/images/tin-tuc/90974/Originals/tong-hop-tin-don-iPhone-12-4.jpg\" alt=\"Tổng hợp th&ocirc;ng tin iPhone 2020 (ảnh 6)\" longdesc=\"https://fstudiobyfpt.com.vn/tin-tuc/T%E1%BB%95ng%20h%E1%BB%A3p%20th%C3%B4ng%20tin%20iPhone%202020%20(%E1%BA%A3nh%206)\" data-pagespeed-url-hash=\"3348970046\" /></p>\r\n<p dir=\"ltr\" style=\"box-sizing: inherit; margin: 0px; padding: 0px; border: 0px; font-size: 16px; vertical-align: baseline; background: transparent; color: #333333; font-family: sfd-font, Arial, Helvetica, sans-serif; text-align: justify;\">C&aacute;c chuy&ecirc;n gia c&ocirc;ng nghệ mong đợi cụm 3 camera n&agrave;y sẽ gồm: ống k&iacute;nh g&oacute;c rộng, tele v&agrave; g&oacute;c cực rộng c&ugrave;ng cảm biến Time-of-Flight (ToF) th&ocirc;ng thường. Camera ToF được sử dụng để nhận diện m&ocirc;i trường, h&igrave;nh dạng, vật thể v&agrave; khoảng c&aacute;ch.</p>\r\n<h3 dir=\"ltr\" style=\"box-sizing: inherit; font-family: sfd-font, Arial, Helvetica, sans-serif; font-weight: normal; line-height: 1.1; color: #333333; margin: 0px; font-size: 16px; padding: 0px; border: 0px; vertical-align: baseline; background: transparent; text-align: justify;\"><span style=\"box-sizing: inherit; font-weight: 600; margin: 0px; padding: 0px; border: 0px; vertical-align: baseline; background: transparent;\">M&aacute;y qu&eacute;t v&acirc;n tay v&agrave; cảm ứng 3D</span></h3>\r\n<p dir=\"ltr\" style=\"box-sizing: inherit; margin: 0px; padding: 0px; border: 0px; font-size: 16px; vertical-align: baseline; background: transparent; color: #333333; font-family: sfd-font, Arial, Helvetica, sans-serif; text-align: justify;\">Việc Apple &ldquo;khai tử&rdquo; t&iacute;nh năng 3D Touch đ&atilde; được đồn đại từ rất l&acirc;u. R&otilde; r&agrave;ng, phần lớn người d&ugrave;ng iPhone kh&ocirc;ng th&iacute;ch t&iacute;nh năng n&agrave;y v&agrave; hiếm khi sử dụng. V&igrave; vậy, &ldquo;T&aacute;o khuyết&rdquo; đ&atilde; quyết định loại bỏ t&iacute;nh năng n&agrave;y v&igrave; một v&agrave;i l&yacute; do. Đ&acirc;y cũng l&agrave; điều c&oacute; lợi cho h&atilde;ng, vừa c&oacute; thể tiết kiệm chi ph&iacute;, vừa tiết kiệm kh&ocirc;ng gian để khiến cho iPhone mỏng hơn. C&aacute;c b&aacute;o c&aacute;o cho hay 3D Touch sẽ biến mất từ ​​năm 2019 n&ecirc;n ch&uacute;ng c&oacute; thể sẽ kh&ocirc;ng xuất hiện tr&ecirc;n d&ograve;ng iPhone 2020.</p>\r\n<p style=\"box-sizing: inherit; margin: 0px; padding: 0px; border: 0px; font-size: 16px; vertical-align: baseline; background: transparent; color: #333333; font-family: sfd-font, Arial, Helvetica, sans-serif; text-align: center;\"><img id=\"Tổng hợp th&ocirc;ng tin iPhone 2020 (ảnh 7)\" style=\"box-sizing: inherit; border: 0px; vertical-align: middle; margin: 0px; padding: 0px; background: transparent; max-width: 100%; width: 800px;\" title=\"Tổng hợp th&ocirc;ng tin iPhone 2020 (ảnh 7)\" src=\"http://fptshop.com.vn/uploads/images/tin-tuc/90974/Originals/tong-hop-tin-don-iPhone-12-10.jpg\" alt=\"Tổng hợp th&ocirc;ng tin iPhone 2020 (ảnh 7)\" longdesc=\"https://fstudiobyfpt.com.vn/tin-tuc/T%E1%BB%95ng%20h%E1%BB%A3p%20th%C3%B4ng%20tin%20iPhone%202020%20(%E1%BA%A3nh%207)\" data-pagespeed-url-hash=\"1308072571\" /></p>\r\n<p dir=\"ltr\" style=\"box-sizing: inherit; margin: 0px; padding: 0px; border: 0px; font-size: 16px; vertical-align: baseline; background: transparent; color: #333333; font-family: sfd-font, Arial, Helvetica, sans-serif; text-align: justify;\">Về m&aacute;y qu&eacute;t dấu v&acirc;n tay, một số nguồn tin cho rằng Apple c&oacute; kế hoạch đưa Touch ID xuống dưới m&agrave;n h&igrave;nh trong tương lai gần, trong khi những người kh&aacute;c khẳng định c&aacute;c kế hoạch n&agrave;y đ&atilde; bị ho&atilde;n. X&eacute;t cho c&ugrave;ng, rất kh&oacute; c&oacute; khả năng Apple đặt cả Touch ID v&agrave; Face ID tr&ecirc;n iPhone. C&ocirc;ng ty lu&ocirc;n lu&ocirc;n hướng tới sự tối giản v&agrave; kh&ocirc;ng bao giờ nhồi nh&eacute;t qu&aacute; nhiều t&iacute;nh năng v&agrave;o iPhone.</p>\r\n<p dir=\"ltr\" style=\"box-sizing: inherit; margin: 0px; padding: 0px; border: 0px; font-size: 16px; vertical-align: baseline; background: transparent; color: #333333; font-family: sfd-font, Arial, Helvetica, sans-serif; text-align: center;\"><img id=\"Tổng hợp th&ocirc;ng tin iPhone 2020 (ảnh 8)\" style=\"box-sizing: inherit; border: 0px; vertical-align: middle; margin: 0px; padding: 0px; background: transparent; max-width: 100%; width: 800px;\" title=\"Tổng hợp th&ocirc;ng tin iPhone 2020 (ảnh 8)\" src=\"http://fptshop.com.vn/uploads/images/tin-tuc/90974/Originals/tong-hop-tin-don-iPhone-12-11.jpg\" alt=\"Tổng hợp th&ocirc;ng tin iPhone 2020 (ảnh 8)\" longdesc=\"https://fstudiobyfpt.com.vn/tin-tuc/T%E1%BB%95ng%20h%E1%BB%A3p%20th%C3%B4ng%20tin%20iPhone%202020%20(%E1%BA%A3nh%208)\" data-pagespeed-url-hash=\"1602572492\" /></p>\r\n<p dir=\"ltr\" style=\"box-sizing: inherit; margin: 0px; padding: 0px; border: 0px; font-size: 16px; vertical-align: baseline; background: transparent; color: #333333; font-family: sfd-font, Arial, Helvetica, sans-serif; text-align: justify;\">Tuy nhi&ecirc;n, một b&aacute;o c&aacute;o gần đ&acirc;y lại khiến người d&ugrave;ng t&ograve; m&ograve; về một mẫu iPhone b&iacute; ẩn, chỉ d&agrave;nh cho thị trường Trung Quốc. Chiếc iPhone n&agrave;y sẽ kh&ocirc;ng c&oacute; Face ID, thay v&agrave;o đ&oacute; l&agrave; được t&iacute;ch hợp c&ocirc;ng nghệ cảm bineens v&acirc;n tay dưới m&agrave;n h&igrave;nh. N&oacute; được cho l&agrave; rẻ hơn một ch&uacute;t so với iPhone th&ocirc;ng thường để c&oacute; thể cạnh tranh với Huawei v&agrave; Xiaomi tại thị trường tỷ d&acirc;n n&agrave;y.</p>\r\n<h3 dir=\"ltr\" style=\"box-sizing: inherit; font-family: sfd-font, Arial, Helvetica, sans-serif; font-weight: normal; line-height: 1.1; color: #333333; margin: 0px; font-size: 16px; padding: 0px; border: 0px; vertical-align: baseline; background: transparent; text-align: justify;\"><span style=\"box-sizing: inherit; font-weight: 600; margin: 0px; padding: 0px; border: 0px; vertical-align: baseline; background: transparent;\">iPhone 5G</span></h3>\r\n<p dir=\"ltr\" style=\"box-sizing: inherit; margin: 0px; padding: 0px; border: 0px; font-size: 16px; vertical-align: baseline; background: transparent; color: #333333; font-family: sfd-font, Arial, Helvetica, sans-serif; text-align: justify;\">C&aacute;c b&aacute;o c&aacute;o cho rằng iPhone 5G sẽ xuất hiện v&agrave;o năm 2020 nhưng một số nh&agrave; ph&acirc;n t&iacute;ch nhận định c&aacute;c fan h&acirc;m mộ c&oacute; thể phải chờ đến năm 2021. Thực tế l&agrave; 5G vẫn c&ograve;n một chặng đường d&agrave;i để ph&aacute;t triển s&acirc;u rộng n&ecirc;n người d&ugrave;ng chưa n&ecirc;n đặt kỳ vọng qu&aacute; nhiều.</p>\r\n<p style=\"box-sizing: inherit; margin: 0px; padding: 0px; border: 0px; font-size: 16px; vertical-align: baseline; background: transparent; color: #333333; font-family: sfd-font, Arial, Helvetica, sans-serif; text-align: center;\"><img id=\"Tổng hợp th&ocirc;ng tin iPhone 2020 (ảnh 9)\" style=\"box-sizing: inherit; border: 0px; vertical-align: middle; margin: 0px; padding: 0px; background: transparent; max-width: 100%; width: 800px;\" title=\"Tổng hợp th&ocirc;ng tin iPhone 2020 (ảnh 9)\" src=\"http://fptshop.com.vn/uploads/images/tin-tuc/90974/Originals/tong-hop-tin-don-iPhone-12-12.jpg\" alt=\"Tổng hợp th&ocirc;ng tin iPhone 2020 (ảnh 9)\" longdesc=\"https://fstudiobyfpt.com.vn/tin-tuc/T%E1%BB%95ng%20h%E1%BB%A3p%20th%C3%B4ng%20tin%20iPhone%202020%20(%E1%BA%A3nh%209)\" data-pagespeed-url-hash=\"1897072413\" /></p>\r\n<h3 dir=\"ltr\" style=\"box-sizing: inherit; font-family: sfd-font, Arial, Helvetica, sans-serif; font-weight: normal; line-height: 1.1; color: #333333; margin: 0px; font-size: 16px; padding: 0px; border: 0px; vertical-align: baseline; background: transparent; text-align: justify;\"><span style=\"box-sizing: inherit; font-weight: 600; margin: 0px; padding: 0px; border: 0px; vertical-align: baseline; background: transparent;\">Ng&agrave;y c&ocirc;ng bố v&agrave; gi&aacute; b&aacute;n iPhone 2020</span></h3>\r\n<p dir=\"ltr\" style=\"box-sizing: inherit; margin: 0px; padding: 0px; border: 0px; font-size: 16px; vertical-align: baseline; background: transparent; color: #333333; font-family: sfd-font, Arial, Helvetica, sans-serif; text-align: justify;\">Như mọi năm, d&ograve;ng sản phẩm iPhone 2020 sẽ được c&ocirc;ng bố từ đầu đến giữa th&aacute;ng 9. Về gi&aacute; b&aacute;n, nhiều khả năng bộ ba iPhone 2020 sẽ c&oacute; gi&aacute; khởi điểm lần lượt l&agrave; 750 USD (tương đương 17.44 triệu đồng), 999 USD (khoảng 23.23 triệu đồng) v&agrave; 1,099 USD (khoảng 25.55 triệu đồng).</p>','pages/July2019/CnSkwnDUBdjPeeHaYt0c.jpg','tat-tan-tat-nhung-thong-tin-sot-deo-ve-the-he-iphone-2020-ma-ban-can-biet','Tất tần tật những thông tin sốt dẻo về thế hệ iPhone 2020 mà bạn cần biết','Tất tần tật những thông tin sốt dẻo về thế hệ iPhone 2020 mà bạn cần biết','INACTIVE','2019-07-09 02:15:21','2019-07-09 02:55:22'),(5,1,'Khi nào Apple sẽ ra mắt và mở bán iPhone 2019?','Hàng năm, thế hệ iPhone mới được rất nhiều người chờ đón. Vậy, trong năm nay, lúc nào Apple bán iPhone 11 và iPhone 11 Max?','<p dir=\"ltr\" style=\"box-sizing: inherit; margin: 0px; padding: 0px; border: 0px; font-size: 16px; vertical-align: baseline; background: transparent; color: #333333; font-family: sfd-font, Arial, Helvetica, sans-serif; text-align: justify;\">C&ograve;n 2 th&aacute;ng nữa l&agrave; đến kỳ&nbsp;<a style=\"box-sizing: inherit; background: transparent; color: #000000; text-decoration-line: none; margin: 0px; padding: 0px; vertical-align: baseline; outline: none;\" title=\"Apple\" href=\"https://fstudiobyfpt.com.vn/\" target=\"_blank\" rel=\"noopener\" type=\"Apple\">Apple</a>&nbsp;ph&aacute;t h&agrave;nh d&ograve;ng sản phẩm mới - iPhone 11 - c&ugrave;ng với model kế nhiệm Apple Watch Series 5 v&agrave; iPhone XR. Vậy khi n&agrave;o Apple c&ocirc;ng bố ch&uacute;ng?</p>\r\n<p dir=\"ltr\" style=\"box-sizing: inherit; margin: 0px; padding: 0px; border: 0px; font-size: 16px; vertical-align: baseline; background: transparent; color: #333333; font-family: sfd-font, Arial, Helvetica, sans-serif; text-align: justify;\">Theo 9to5mac, Apple thường xuy&ecirc;n tổ chức sự kiện iPhone của m&igrave;nh v&agrave;o h&ocirc;m thứ 3 hoặc thứ 4 của th&aacute;ng 9. Cụ thể, c&aacute;c ng&agrave;y trước đ&acirc;y như sau:</p>\r\n<p style=\"box-sizing: inherit; margin: 0px; padding: 0px; border: 0px; font-size: 16px; vertical-align: baseline; background: transparent; color: #333333; font-family: sfd-font, Arial, Helvetica, sans-serif; text-align: center;\"><img id=\"Khi n&agrave;o Apple ra mắt iPhone 11?\" style=\"box-sizing: inherit; border: 0px; vertical-align: middle; margin: 0px; padding: 0px; background: transparent; max-width: 100%; width: 800px;\" title=\"Khi n&agrave;o Apple ra mắt iPhone 11?\" src=\"http://fptshop.com.vn/uploads/images/tin-tuc/91038/Originals/ngay-ra-mat-iPhone-11-2.png\" alt=\"Khi n&agrave;o Apple ra mắt iPhone 11?\" longdesc=\"https://fstudiobyfpt.com.vn/tin-tuc/Khi%20n%C3%A0o%20Apple%20ra%20m%E1%BA%AFt%20iPhone%2011?\" data-pagespeed-url-hash=\"3565920837\" /></p>\r\n<p dir=\"ltr\" style=\"box-sizing: inherit; margin: 0px; padding: 0px; border: 0px; font-size: 16px; vertical-align: baseline; background: transparent; color: #333333; font-family: sfd-font, Arial, Helvetica, sans-serif; text-align: justify;\">- Thứ tư, ng&agrave;y 9 th&aacute;ng 9 năm 2015</p>\r\n<p dir=\"ltr\" style=\"box-sizing: inherit; margin: 0px; padding: 0px; border: 0px; font-size: 16px; vertical-align: baseline; background: transparent; color: #333333; font-family: sfd-font, Arial, Helvetica, sans-serif; text-align: justify;\">- Thứ tư, ng&agrave;y 7 th&aacute;ng 9 năm 2016</p>\r\n<p dir=\"ltr\" style=\"box-sizing: inherit; margin: 0px; padding: 0px; border: 0px; font-size: 16px; vertical-align: baseline; background: transparent; color: #333333; font-family: sfd-font, Arial, Helvetica, sans-serif; text-align: justify;\">- Thứ ba ng&agrave;y 12 th&aacute;ng 9 năm 2017</p>\r\n<p dir=\"ltr\" style=\"box-sizing: inherit; margin: 0px; padding: 0px; border: 0px; font-size: 16px; vertical-align: baseline; background: transparent; color: #333333; font-family: sfd-font, Arial, Helvetica, sans-serif; text-align: justify;\">- Thứ tư ng&agrave;y 12 th&aacute;ng 9 năm 2018</p>\r\n<p dir=\"ltr\" style=\"box-sizing: inherit; margin: 0px; padding: 0px; border: 0px; font-size: 16px; vertical-align: baseline; background: transparent; color: #333333; font-family: sfd-font, Arial, Helvetica, sans-serif; text-align: justify;\">Do đ&oacute;, dự đo&aacute;n năm nay Apple sẽ c&ocirc;ng bố model mới v&agrave;o ng&agrave;y 10/9 hoặc ng&agrave;y 11/9. Suy ra, thứ ba, ng&agrave;y 10/9 l&agrave; ph&ugrave; hợp nhất. Bởi v&igrave; Apple lu&ocirc;n tr&aacute;nh tổ chức c&aacute;c sự kiện v&agrave;o ng&agrave;y 11/9.</p>\r\n<p style=\"box-sizing: inherit; margin: 0px; padding: 0px; border: 0px; font-size: 16px; vertical-align: baseline; background: transparent; color: #333333; font-family: sfd-font, Arial, Helvetica, sans-serif; text-align: center;\"><img id=\"Khi n&agrave;o Apple ra mắt iPhone 11? (ảnh 1)\" style=\"box-sizing: inherit; border: 0px; vertical-align: middle; margin: 0px; padding: 0px; background: transparent; max-width: 100%; width: 800px;\" title=\"Khi n&agrave;o Apple ra mắt iPhone 11? (ảnh 1)\" src=\"http://fptshop.com.vn/uploads/images/tin-tuc/91038/Originals/ngay-ra-mat-iPhone-11-1.jpg\" alt=\"Khi n&agrave;o Apple ra mắt iPhone 11? (ảnh 1)\" longdesc=\"https://fstudiobyfpt.com.vn/tin-tuc/Khi%20n%C3%A0o%20Apple%20ra%20m%E1%BA%AFt%20iPhone%2011?%20(%E1%BA%A3nh%201)\" data-pagespeed-url-hash=\"3271318212\" /></p>\r\n<p dir=\"ltr\" style=\"box-sizing: inherit; margin: 0px; padding: 0px; border: 0px; font-size: 16px; vertical-align: baseline; background: transparent; color: #333333; font-family: sfd-font, Arial, Helvetica, sans-serif; text-align: justify;\">Vậy khi n&agrave;o \"nh&agrave; T&aacute;o\" sẽ ph&aacute;t h&agrave;nh iPhone 11 cho c&ocirc;ng ch&uacute;ng? Nh&igrave;n chung, Apple mở iPhone đặt h&agrave;ng trước v&agrave;o thứ s&aacute;u sau sự kiện của h&atilde;ng. Nếu sự kiện n&agrave;y thực sự được tổ chức v&agrave;o ng&agrave;y 10/9 th&igrave; thứ s&aacute;u ng&agrave;y 13/9, bạn c&oacute; thể đặt được c&aacute;c sản phẩm mới. Theo đ&oacute;, c&aacute;c đơn đặt h&agrave;ng trước c&oacute; thể sẽ đến tay kh&aacute;ch h&agrave;ng v&agrave;o thứ s&aacute;u ng&agrave;y 20/9</p>','pages/July2019/90LrUhC3azyOyShBHpFZ.png','khi-nao-apple-se-ra-mat-va-mo-ban-iphone-2019','Khi nào Apple sẽ ra mắt và mở bán iPhone 2019?','Khi nào Apple sẽ ra mắt và mở bán iPhone 2019?','INACTIVE','2019-07-09 02:17:17','2019-07-09 02:54:50'),(6,1,'Cải thiện cuộc gọi trên iPhone ngay theo những cách này','Nếu như bạn nhận thấy rằng chất lượng cuộc gọi trên iPhone không được tốt thì có thể làm theo các cách hướng dẫn của FPT Shop trong bài viết này để cải thiện các vấn đề này. Những mẹo này khá đơn giản và gần như ai...','<p style=\"box-sizing: inherit; margin: 0px; padding: 0px; border: 0px; font-size: 16px; vertical-align: baseline; background: transparent; color: #333333; font-family: sfd-font, Arial, Helvetica, sans-serif; text-align: justify;\"><span style=\"box-sizing: inherit; font-weight: 600; margin: 0px; padding: 0px; border: 0px; vertical-align: baseline; background: transparent;\">Nếu như bạn nhận thấy rằng chất lượng cuộc gọi tr&ecirc;n&nbsp;<a style=\"box-sizing: inherit; background: transparent; color: #000000; text-decoration-line: none; margin: 0px; padding: 0px; vertical-align: baseline; outline: none;\" href=\"https://fptshop.com.vn/dien-thoai/apple-iphone\" target=\"_blank\" rel=\"noopener\">iPhone</a>&nbsp;kh&ocirc;ng được tốt th&igrave; c&oacute; thể l&agrave;m theo c&aacute;c c&aacute;ch hướng dẫn của&nbsp;<a style=\"box-sizing: inherit; background: transparent; color: #000000; text-decoration-line: none; margin: 0px; padding: 0px; vertical-align: baseline; outline: none;\" href=\"https://fptshop.com.vn/\" target=\"_blank\" rel=\"noopener\">FPT Shop</a>&nbsp;trong b&agrave;i viết n&agrave;y để cải thiện c&aacute;c vấn đề n&agrave;y. Những mẹo n&agrave;y kh&aacute; đơn giản v&agrave; gần như ai trong ch&uacute;ng ta cũng c&oacute; thể tự l&agrave;m tại nh&agrave; được.</span></p>\r\n<p style=\"box-sizing: inherit; margin: 0px; padding: 0px; border: 0px; font-size: 16px; vertical-align: baseline; background: transparent; color: #333333; font-family: sfd-font, Arial, Helvetica, sans-serif; text-align: center;\">&nbsp;</p>\r\n<p style=\"box-sizing: inherit; margin: 0px; padding: 0px; border: 0px; font-size: 16px; vertical-align: baseline; background: transparent; color: #333333; font-family: sfd-font, Arial, Helvetica, sans-serif; text-align: center;\"><img id=\"Cải thiện chất lượng cuộc gọi iPhone\" style=\"box-sizing: inherit; border: 0px; vertical-align: middle; margin: 0px; padding: 0px; background: transparent; max-width: 100%; width: 800px;\" title=\"Cải thiện chất lượng cuộc gọi iPhone\" src=\"http://fptshop.com.vn/uploads/images/tin-tuc/91019/Originals/cai-thien-cuoc-goi-iphone-fptshop-01.jpg\" alt=\"Cải thiện chất lượng cuộc gọi iPhone\" longdesc=\"https://admintintuc.fptshop.com.vn/Admin/Article/C%E1%BA%A3i%20thi%E1%BB%87n%20ch%E1%BA%A5t%20l%C6%B0%E1%BB%A3ng%20cu%E1%BB%99c%20g%E1%BB%8Di%20iPhone\" data-pagespeed-url-hash=\"431630296\" /></p>\r\n<p style=\"box-sizing: inherit; margin: 0px; padding: 0px; border: 0px; font-size: 16px; vertical-align: baseline; background: transparent; color: #333333; font-family: sfd-font, Arial, Helvetica, sans-serif; text-align: justify;\">&nbsp;</p>\r\n<p style=\"box-sizing: inherit; margin: 0px; padding: 0px; border: 0px; font-size: 16px; vertical-align: baseline; background: transparent; color: #333333; font-family: sfd-font, Arial, Helvetica, sans-serif; text-align: justify;\">Bạn c&oacute; hay gặp phải t&igrave;nh trạng iPhone c&oacute; kết nối thiếu ổn định l&agrave;m cho chất lượng cuộc gọi suy giảm? C&oacute; rất nhiều nguy&ecirc;n nh&acirc;n dẫn đến c&aacute;c sự cố như vậy trong cuộc sống. Do đ&oacute;, b&agrave;i viết n&agrave;y của FPT Shop sẽ hướng dẫn bạn nhiều c&aacute;ch l&agrave;m kh&aacute;c nhau để c&oacute; thể mang lại một chất lượng cuộc gọi tr&ecirc;n iPhone tốt hơn mỗi khi bạn thấy c&oacute; vấn đề.</p>\r\n<p style=\"box-sizing: inherit; margin: 0px; padding: 0px; border: 0px; font-size: 16px; vertical-align: baseline; background: transparent; color: #333333; font-family: sfd-font, Arial, Helvetica, sans-serif; text-align: justify;\">&nbsp;</p>\r\n<h3 style=\"box-sizing: inherit; font-family: sfd-font, Arial, Helvetica, sans-serif; font-weight: normal; line-height: 1.1; color: #333333; margin: 0px; font-size: 16px; padding: 0px; border: 0px; vertical-align: baseline; background: transparent; text-align: justify;\"><br style=\"box-sizing: inherit;\" /><span style=\"box-sizing: inherit; font-weight: 600; margin: 0px; padding: 0px; border: 0px; vertical-align: baseline; background: transparent;\">Bật VoLTE</span></h3>\r\n<p style=\"box-sizing: inherit; margin: 0px; padding: 0px; border: 0px; font-size: 16px; vertical-align: baseline; background: transparent; color: #333333; font-family: sfd-font, Arial, Helvetica, sans-serif;\">&nbsp;</p>\r\n<p style=\"box-sizing: inherit; margin: 0px; padding: 0px; border: 0px; font-size: 16px; vertical-align: baseline; background: transparent; color: #333333; font-family: sfd-font, Arial, Helvetica, sans-serif; text-align: center;\"><span style=\"box-sizing: inherit; font-weight: 600; margin: 0px; padding: 0px; border: 0px; vertical-align: baseline; background: transparent;\"><img id=\"Cải thiện chất lượng cuộc gọi iPhone\" style=\"box-sizing: inherit; border: 0px; vertical-align: middle; margin: 0px; padding: 0px; font-weight: normal; background: transparent; max-width: 100%; width: 800px;\" title=\"Cải thiện chất lượng cuộc gọi iPhone\" src=\"http://fptshop.com.vn/uploads/images/tin-tuc/91019/Originals/cai-thien-cuoc-goi-iphone-fptshop-02.jpg\" alt=\"Cải thiện chất lượng cuộc gọi iPhone\" longdesc=\"https://admintintuc.fptshop.com.vn/Admin/Article/C%E1%BA%A3i%20thi%E1%BB%87n%20ch%E1%BA%A5t%20l%C6%B0%E1%BB%A3ng%20cu%E1%BB%99c%20g%E1%BB%8Di%20iPhone\" data-pagespeed-url-hash=\"726130217\" /></span></p>\r\n<p style=\"box-sizing: inherit; margin: 0px; padding: 0px; border: 0px; font-size: 16px; vertical-align: baseline; background: transparent; color: #333333; font-family: sfd-font, Arial, Helvetica, sans-serif; text-align: justify;\">&nbsp;</p>\r\n<p style=\"box-sizing: inherit; margin: 0px; padding: 0px; border: 0px; font-size: 16px; vertical-align: baseline; background: transparent; color: #333333; font-family: sfd-font, Arial, Helvetica, sans-serif; text-align: justify;\">Điều đầu ti&ecirc;n, bạn h&atilde;y thử bật t&ugrave;y chọn VoLTE (hoặc Voice over LTE) tr&ecirc;n iPhone l&ecirc;n nh&eacute;. Bởi v&igrave; đ&acirc;y l&agrave; một t&iacute;nh năng cho ph&eacute;p dữ liệu cuộc gọi thoại được truyền qua kết nối LTE, thay v&igrave; qua mạng truyền thống. Do đ&oacute;, chất lượng cuộc gọi c&oacute; thể được cải thiện tr&ecirc;n iPhone nhờ khả năng truyền th&ocirc;ng tin nhanh hơn tr&ecirc;n ti&ecirc;u chuẩn mạng mới. Để bật l&ecirc;n, bạn cần truy cập Settings &gt; Cellular &gt; Cellular Data Options &gt; bật mạng LTE &gt; bật tiếp t&ugrave;y chọn Voice &amp; Data.</p>\r\n<p style=\"box-sizing: inherit; margin: 0px; padding: 0px; border: 0px; font-size: 16px; vertical-align: baseline; background: transparent; color: #333333; font-family: sfd-font, Arial, Helvetica, sans-serif; text-align: justify;\">&nbsp;</p>\r\n<h3 style=\"box-sizing: inherit; font-family: sfd-font, Arial, Helvetica, sans-serif; font-weight: normal; line-height: 1.1; color: #333333; margin: 0px; font-size: 16px; padding: 0px; border: 0px; vertical-align: baseline; background: transparent; text-align: justify;\"><br style=\"box-sizing: inherit;\" /><span style=\"box-sizing: inherit; font-weight: 600; margin: 0px; padding: 0px; border: 0px; vertical-align: baseline; background: transparent;\">Tắt t&iacute;nh năng khử tiếng ồn</span></h3>\r\n<p style=\"box-sizing: inherit; margin: 0px; padding: 0px; border: 0px; font-size: 16px; vertical-align: baseline; background: transparent; color: #333333; font-family: sfd-font, Arial, Helvetica, sans-serif;\">&nbsp;</p>\r\n<p style=\"box-sizing: inherit; margin: 0px; padding: 0px; border: 0px; font-size: 16px; vertical-align: baseline; background: transparent; color: #333333; font-family: sfd-font, Arial, Helvetica, sans-serif; text-align: center;\"><span style=\"box-sizing: inherit; font-weight: 600; margin: 0px; padding: 0px; border: 0px; vertical-align: baseline; background: transparent;\"><img id=\"Cải thiện chất lượng cuộc gọi iPhone\" style=\"box-sizing: inherit; border: 0px; vertical-align: middle; margin: 0px; padding: 0px; font-weight: normal; background: transparent; max-width: 100%; width: 800px;\" title=\"Cải thiện chất lượng cuộc gọi iPhone\" src=\"http://fptshop.com.vn/uploads/images/tin-tuc/91019/Originals/cai-thien-cuoc-goi-iphone-fptshop-03.jpg\" alt=\"Cải thiện chất lượng cuộc gọi iPhone\" longdesc=\"https://admintintuc.fptshop.com.vn/Admin/Article/C%E1%BA%A3i%20thi%E1%BB%87n%20ch%E1%BA%A5t%20l%C6%B0%E1%BB%A3ng%20cu%E1%BB%99c%20g%E1%BB%8Di%20iPhone\" data-pagespeed-url-hash=\"1020630138\" /></span></p>\r\n<p style=\"box-sizing: inherit; margin: 0px; padding: 0px; border: 0px; font-size: 16px; vertical-align: baseline; background: transparent; color: #333333; font-family: sfd-font, Arial, Helvetica, sans-serif; text-align: justify;\">&nbsp;</p>\r\n<p style=\"box-sizing: inherit; margin: 0px; padding: 0px; border: 0px; font-size: 16px; vertical-align: baseline; background: transparent; color: #333333; font-family: sfd-font, Arial, Helvetica, sans-serif; text-align: justify;\">Apple trang bị cho người d&ugrave;ng iPhone một t&iacute;nh năng rất hay đ&oacute; l&agrave; lọc tiếng ồn xung quanh. Tuy nhi&ecirc;n, một số trường hợp t&iacute;nh năng n&agrave;y sẽ l&agrave;m suy giảm chất lượng cuộc gọi của bạn. Nếu bạn nhận thấy c&aacute;c sự cố về cuộc gọi đang diễn ra th&igrave; h&atilde;y thử tắt t&iacute;nh năng lọc tiếng ồn đi để cải thiện chất lượng. Để tắt n&oacute; h&atilde;y truy cập Settings &gt; Accessibility &gt; Noise Cancellation &gt; tắt t&ugrave;y chọn n&agrave;y đi.</p>\r\n<p style=\"box-sizing: inherit; margin: 0px; padding: 0px; border: 0px; font-size: 16px; vertical-align: baseline; background: transparent; color: #333333; font-family: sfd-font, Arial, Helvetica, sans-serif; text-align: justify;\">&nbsp;</p>\r\n<h3 style=\"box-sizing: inherit; font-family: sfd-font, Arial, Helvetica, sans-serif; font-weight: normal; line-height: 1.1; color: #333333; margin: 0px; font-size: 16px; padding: 0px; border: 0px; vertical-align: baseline; background: transparent; text-align: justify;\"><br style=\"box-sizing: inherit;\" /><span style=\"box-sizing: inherit; font-weight: 600; margin: 0px; padding: 0px; border: 0px; vertical-align: baseline; background: transparent;\">Cầm iPhone đ&uacute;ng c&aacute;ch</span></h3>\r\n<p style=\"box-sizing: inherit; margin: 0px; padding: 0px; border: 0px; font-size: 16px; vertical-align: baseline; background: transparent; color: #333333; font-family: sfd-font, Arial, Helvetica, sans-serif;\">&nbsp;</p>\r\n<p style=\"box-sizing: inherit; margin: 0px; padding: 0px; border: 0px; font-size: 16px; vertical-align: baseline; background: transparent; color: #333333; font-family: sfd-font, Arial, Helvetica, sans-serif; text-align: center;\"><span style=\"box-sizing: inherit; font-weight: 600; margin: 0px; padding: 0px; border: 0px; vertical-align: baseline; background: transparent;\"><img id=\"Cải thiện chất lượng cuộc gọi iPhone\" style=\"box-sizing: inherit; border: 0px; vertical-align: middle; margin: 0px; padding: 0px; font-weight: normal; background: transparent; max-width: 100%; width: 800px;\" title=\"Cải thiện chất lượng cuộc gọi iPhone\" src=\"http://fptshop.com.vn/uploads/images/tin-tuc/91019/Originals/cai-thien-cuoc-goi-iphone-fptshop-04.jpg\" alt=\"Cải thiện chất lượng cuộc gọi iPhone\" longdesc=\"https://admintintuc.fptshop.com.vn/Admin/Article/C%E1%BA%A3i%20thi%E1%BB%87n%20ch%E1%BA%A5t%20l%C6%B0%E1%BB%A3ng%20cu%E1%BB%99c%20g%E1%BB%8Di%20iPhone\" data-pagespeed-url-hash=\"1315130059\" /></span></p>\r\n<p style=\"box-sizing: inherit; margin: 0px; padding: 0px; border: 0px; font-size: 16px; vertical-align: baseline; background: transparent; color: #333333; font-family: sfd-font, Arial, Helvetica, sans-serif; text-align: justify;\">&nbsp;</p>\r\n<p style=\"box-sizing: inherit; margin: 0px; padding: 0px; border: 0px; font-size: 16px; vertical-align: baseline; background: transparent; color: #333333; font-family: sfd-font, Arial, Helvetica, sans-serif; text-align: justify;\">Vị tr&iacute; cầm iPhone mỗi khi bạn đang trong một cuộc gọi thoại l&agrave; rất quan trọng. Một số tư thế cầm c&oacute; thể che đi c&aacute;c ăng ten hoặc vị tr&iacute; của mic / loa thoại. Do đ&oacute;, bạn h&atilde;y cố gắng giữ iPhone trong tư thế nắm chặt c&aacute;c cạnh b&ecirc;n dưới v&agrave; loa thoại &aacute;p s&aacute;t tai của bạn. Điều n&agrave;y gi&uacute;p giữ cho ng&oacute;n tay của bạn tr&aacute;nh xa c&aacute;c vị tr&iacute; quan trọng ảnh hưởng tới chất lượng cuộc gọi. Những thay đổi đơn giản n&agrave;y c&oacute; thể tạo ra sự kh&aacute;c biệt đ&aacute;ng ngạc nhi&ecirc;n nếu bạn vẫn cầm iPhone sai tư thế.</p>\r\n<h3 style=\"box-sizing: inherit; font-family: sfd-font, Arial, Helvetica, sans-serif; font-weight: normal; line-height: 1.1; color: #333333; margin: 0px; font-size: 16px; padding: 0px; border: 0px; vertical-align: baseline; background: transparent; text-align: justify;\">&nbsp;</h3>\r\n<h3 style=\"box-sizing: inherit; font-family: sfd-font, Arial, Helvetica, sans-serif; font-weight: normal; line-height: 1.1; color: #333333; margin: 0px; font-size: 16px; padding: 0px; border: 0px; vertical-align: baseline; background: transparent; text-align: justify;\"><br style=\"box-sizing: inherit;\" /><span style=\"box-sizing: inherit; font-weight: 600; margin: 0px; padding: 0px; border: 0px; vertical-align: baseline; background: transparent;\">Đừng d&ugrave;ng ốp lưng qu&aacute; d&agrave;y hoặc qu&aacute; k&iacute;n</span></h3>\r\n<p style=\"box-sizing: inherit; margin: 0px; padding: 0px; border: 0px; font-size: 16px; vertical-align: baseline; background: transparent; color: #333333; font-family: sfd-font, Arial, Helvetica, sans-serif;\">&nbsp;</p>\r\n<p style=\"box-sizing: inherit; margin: 0px; padding: 0px; border: 0px; font-size: 16px; vertical-align: baseline; background: transparent; color: #333333; font-family: sfd-font, Arial, Helvetica, sans-serif; text-align: center;\"><span style=\"box-sizing: inherit; font-weight: 600; margin: 0px; padding: 0px; border: 0px; vertical-align: baseline; background: transparent;\"><img id=\"Cải thiện chất lượng cuộc gọi iPhone\" style=\"box-sizing: inherit; border: 0px; vertical-align: middle; margin: 0px; padding: 0px; font-weight: normal; background: transparent; max-width: 100%; width: 800px;\" title=\"Cải thiện chất lượng cuộc gọi iPhone\" src=\"http://fptshop.com.vn/uploads/images/tin-tuc/91019/Originals/cai-thien-cuoc-goi-iphone-fptshop-05.jpg\" alt=\"Cải thiện chất lượng cuộc gọi iPhone\" longdesc=\"https://admintintuc.fptshop.com.vn/Admin/Article/C%E1%BA%A3i%20thi%E1%BB%87n%20ch%E1%BA%A5t%20l%C6%B0%E1%BB%A3ng%20cu%E1%BB%99c%20g%E1%BB%8Di%20iPhone\" data-pagespeed-url-hash=\"1609629980\" /></span></p>\r\n<p style=\"box-sizing: inherit; margin: 0px; padding: 0px; border: 0px; font-size: 16px; vertical-align: baseline; background: transparent; color: #333333; font-family: sfd-font, Arial, Helvetica, sans-serif; text-align: justify;\">&nbsp;</p>\r\n<p style=\"box-sizing: inherit; margin: 0px; padding: 0px; border: 0px; font-size: 16px; vertical-align: baseline; background: transparent; color: #333333; font-family: sfd-font, Arial, Helvetica, sans-serif; text-align: justify;\">Đ&acirc;y cũng l&agrave; điều m&agrave; bạn n&ecirc;n lưu &yacute; mỗi khi sử dụng một ốp lưng cho iPhone. C&aacute;c phụ kiện c&oacute; k&iacute;ch thước lớn, qu&aacute; d&agrave;y v&agrave; qu&aacute; k&iacute;n sẽ cản trở c&aacute;c kết nối của thiết bị v&agrave; v&ocirc; t&igrave;nh l&agrave;m cho chất lượng cuộc gọi của bạn giảm đi. H&atilde;y chọn c&aacute;c loại ốp lưng mỏng hơn v&agrave; tho&aacute;ng hơn để cải thiện t&igrave;nh trạng n&agrave;y.</p>\r\n<h3 style=\"box-sizing: inherit; font-family: sfd-font, Arial, Helvetica, sans-serif; font-weight: normal; line-height: 1.1; color: #333333; margin: 0px; font-size: 16px; padding: 0px; border: 0px; vertical-align: baseline; background: transparent; text-align: justify;\">&nbsp;</h3>\r\n<h3 style=\"box-sizing: inherit; font-family: sfd-font, Arial, Helvetica, sans-serif; font-weight: normal; line-height: 1.1; color: #333333; margin: 0px; font-size: 16px; padding: 0px; border: 0px; vertical-align: baseline; background: transparent; text-align: justify;\"><br style=\"box-sizing: inherit;\" /><span style=\"box-sizing: inherit; font-weight: 600; margin: 0px; padding: 0px; border: 0px; vertical-align: baseline; background: transparent;\">Đặt lại c&agrave;i đặt kết nối của bạn</span></h3>\r\n<p style=\"box-sizing: inherit; margin: 0px; padding: 0px; border: 0px; font-size: 16px; vertical-align: baseline; background: transparent; color: #333333; font-family: sfd-font, Arial, Helvetica, sans-serif;\">&nbsp;</p>\r\n<p style=\"box-sizing: inherit; margin: 0px; padding: 0px; border: 0px; font-size: 16px; vertical-align: baseline; background: transparent; color: #333333; font-family: sfd-font, Arial, Helvetica, sans-serif; text-align: center;\"><span style=\"box-sizing: inherit; font-weight: 600; margin: 0px; padding: 0px; border: 0px; vertical-align: baseline; background: transparent;\"><img id=\"Cải thiện chất lượng cuộc gọi iPhone\" style=\"box-sizing: inherit; border: 0px; vertical-align: middle; margin: 0px; padding: 0px; font-weight: normal; background: transparent; max-width: 100%; width: 800px;\" title=\"Cải thiện chất lượng cuộc gọi iPhone\" src=\"http://fptshop.com.vn/uploads/images/tin-tuc/91019/Originals/cai-thien-cuoc-goi-iphone-fptshop-06.jpg\" alt=\"Cải thiện chất lượng cuộc gọi iPhone\" longdesc=\"https://admintintuc.fptshop.com.vn/Admin/Article/C%E1%BA%A3i%20thi%E1%BB%87n%20ch%E1%BA%A5t%20l%C6%B0%E1%BB%A3ng%20cu%E1%BB%99c%20g%E1%BB%8Di%20iPhone\" data-pagespeed-url-hash=\"1904129901\" /></span></p>\r\n<p style=\"box-sizing: inherit; margin: 0px; padding: 0px; border: 0px; font-size: 16px; vertical-align: baseline; background: transparent; color: #333333; font-family: sfd-font, Arial, Helvetica, sans-serif; text-align: justify;\">&nbsp;</p>\r\n<p style=\"box-sizing: inherit; margin: 0px; padding: 0px; border: 0px; font-size: 16px; vertical-align: baseline; background: transparent; color: #333333; font-family: sfd-font, Arial, Helvetica, sans-serif; text-align: justify;\">Một trong c&aacute;c c&aacute;ch rất hay để gi&uacute;p chất lượng cuộc gọi tốt hơn đ&oacute; l&agrave; c&agrave;i đặt lại c&aacute;c kết nối của iPhone. Tất nhi&ecirc;n, bạn kh&ocirc;ng n&ecirc;n thực hiện điều n&agrave;y khi đang trực tiếp n&oacute;i chuyện điện thoại với ai đ&oacute;. C&aacute;c thao t&aacute;c kh&aacute; đơn giản l&agrave; truy cập Settings &gt; General &gt; Reset &gt; Reset Network Settings.</p>\r\n<p style=\"box-sizing: inherit; margin: 0px; padding: 0px; border: 0px; font-size: 16px; vertical-align: baseline; background: transparent; color: #333333; font-family: sfd-font, Arial, Helvetica, sans-serif; text-align: justify;\">&nbsp;</p>\r\n<h3 style=\"box-sizing: inherit; font-family: sfd-font, Arial, Helvetica, sans-serif; font-weight: normal; line-height: 1.1; color: #333333; margin: 0px; font-size: 16px; padding: 0px; border: 0px; vertical-align: baseline; background: transparent; text-align: justify;\"><br style=\"box-sizing: inherit;\" /><span style=\"box-sizing: inherit; font-weight: 600; margin: 0px; padding: 0px; border: 0px; vertical-align: baseline; background: transparent;\">Di chuyển xung quanh để cải thiện t&iacute;n hiệu</span></h3>\r\n<p style=\"box-sizing: inherit; margin: 0px; padding: 0px; border: 0px; font-size: 16px; vertical-align: baseline; background: transparent; color: #333333; font-family: sfd-font, Arial, Helvetica, sans-serif;\">&nbsp;</p>\r\n<p style=\"box-sizing: inherit; margin: 0px; padding: 0px; border: 0px; font-size: 16px; vertical-align: baseline; background: transparent; color: #333333; font-family: sfd-font, Arial, Helvetica, sans-serif; text-align: center;\"><span style=\"box-sizing: inherit; font-weight: 600; margin: 0px; padding: 0px; border: 0px; vertical-align: baseline; background: transparent;\"><img id=\"Cải thiện chất lượng cuộc gọi iPhone\" style=\"box-sizing: inherit; border: 0px; vertical-align: middle; margin: 0px; padding: 0px; font-weight: normal; background: transparent; max-width: 100%; width: 800px;\" title=\"Cải thiện chất lượng cuộc gọi iPhone\" src=\"http://fptshop.com.vn/uploads/images/tin-tuc/91019/Originals/cai-thien-cuoc-goi-iphone-fptshop-07.jpg\" alt=\"Cải thiện chất lượng cuộc gọi iPhone\" longdesc=\"https://admintintuc.fptshop.com.vn/Admin/Article/C%E1%BA%A3i%20thi%E1%BB%87n%20ch%E1%BA%A5t%20l%C6%B0%E1%BB%A3ng%20cu%E1%BB%99c%20g%E1%BB%8Di%20iPhone\" data-pagespeed-url-hash=\"2198629822\" /></span></p>\r\n<p style=\"box-sizing: inherit; margin: 0px; padding: 0px; border: 0px; font-size: 16px; vertical-align: baseline; background: transparent; color: #333333; font-family: sfd-font, Arial, Helvetica, sans-serif; text-align: justify;\">&nbsp;</p>\r\n<p style=\"box-sizing: inherit; margin: 0px; padding: 0px; border: 0px; font-size: 16px; vertical-align: baseline; background: transparent; color: #333333; font-family: sfd-font, Arial, Helvetica, sans-serif; text-align: justify;\">T&iacute;n hiệu di động k&eacute;m chắc chắn sẽ l&agrave;m cho c&aacute;c cuộc gọi thoại của bạn tr&ecirc;n iPhone kh&ocirc;ng ổn định. Việc kiểm tra kh&aacute; đơn giản v&igrave; bạn chỉ cần nh&igrave;n l&ecirc;n thanh th&ocirc;ng b&aacute;o trạng th&aacute;i kết nối v&agrave; xem c&aacute;c vạch s&oacute;ng đang trong t&igrave;nh trạng ổn định hay kh&ocirc;ng. Nếu bạn cảm thấy n&oacute; chập chờn th&igrave; h&atilde;y di chuyển xung quanh tới vị tr&iacute; tho&aacute;ng hơn với &iacute;t vật cản xung quanh để cải thiện t&iacute;n hiệu di động của iPhone.</p>\r\n<p style=\"box-sizing: inherit; margin: 0px; padding: 0px; border: 0px; font-size: 16px; vertical-align: baseline; background: transparent; color: #333333; font-family: sfd-font, Arial, Helvetica, sans-serif; text-align: justify;\">&nbsp;</p>\r\n<h3 style=\"box-sizing: inherit; font-family: sfd-font, Arial, Helvetica, sans-serif; font-weight: normal; line-height: 1.1; color: #333333; margin: 0px; font-size: 16px; padding: 0px; border: 0px; vertical-align: baseline; background: transparent; text-align: justify;\"><br style=\"box-sizing: inherit;\" /><span style=\"box-sizing: inherit; font-weight: 600; margin: 0px; padding: 0px; border: 0px; vertical-align: baseline; background: transparent;\">Tăng l&ecirc;n &acirc;m lượng</span></h3>\r\n<p style=\"box-sizing: inherit; margin: 0px; padding: 0px; border: 0px; font-size: 16px; vertical-align: baseline; background: transparent; color: #333333; font-family: sfd-font, Arial, Helvetica, sans-serif;\">&nbsp;</p>\r\n<p style=\"box-sizing: inherit; margin: 0px; padding: 0px; border: 0px; font-size: 16px; vertical-align: baseline; background: transparent; color: #333333; font-family: sfd-font, Arial, Helvetica, sans-serif; text-align: center;\"><span style=\"box-sizing: inherit; font-weight: 600; margin: 0px; padding: 0px; border: 0px; vertical-align: baseline; background: transparent;\"><img id=\"Cải thiện chất lượng cuộc gọi iPhone\" style=\"box-sizing: inherit; border: 0px; vertical-align: middle; margin: 0px; padding: 0px; font-weight: normal; background: transparent; max-width: 100%; width: 800px;\" title=\"Cải thiện chất lượng cuộc gọi iPhone\" src=\"http://fptshop.com.vn/uploads/images/tin-tuc/91019/Originals/cai-thien-cuoc-goi-iphone-fptshop-08.jpg\" alt=\"Cải thiện chất lượng cuộc gọi iPhone\" longdesc=\"https://admintintuc.fptshop.com.vn/Admin/Article/C%E1%BA%A3i%20thi%E1%BB%87n%20ch%E1%BA%A5t%20l%C6%B0%E1%BB%A3ng%20cu%E1%BB%99c%20g%E1%BB%8Di%20iPhone\" data-pagespeed-url-hash=\"2493129743\" /></span></p>\r\n<p style=\"box-sizing: inherit; margin: 0px; padding: 0px; border: 0px; font-size: 16px; vertical-align: baseline; background: transparent; color: #333333; font-family: sfd-font, Arial, Helvetica, sans-serif; text-align: justify;\">&nbsp;</p>\r\n<p style=\"box-sizing: inherit; margin: 0px; padding: 0px; border: 0px; font-size: 16px; vertical-align: baseline; background: transparent; color: #333333; font-family: sfd-font, Arial, Helvetica, sans-serif; text-align: justify;\">Một trong những c&aacute;ch để gi&uacute;p bạn vượt qua được t&igrave;nh trạng chất lượng cuộc gọi tr&ecirc;n iPhone kh&ocirc;ng tốt ch&iacute;nh l&agrave; tăng &acirc;m lượng l&ecirc;n. Đ&acirc;y l&agrave; c&aacute;ch vừa đơn giản m&agrave; vừa đảm bảo cuộc tr&ograve; chuyện của bạn sẽ to, r&otilde; r&agrave;ng hơn. Ngay khi cuộc gọi kết th&uacute;c, bạn c&oacute; thể &aacute;p dụng nhiều phương ph&aacute;p kh&aacute;c ph&iacute;a tr&ecirc;n để khắc phục vấn đề n&agrave;y.</p>\r\n<h3 style=\"box-sizing: inherit; font-family: sfd-font, Arial, Helvetica, sans-serif; font-weight: normal; line-height: 1.1; color: #333333; margin: 0px; font-size: 16px; padding: 0px; border: 0px; vertical-align: baseline; background: transparent; text-align: justify;\">&nbsp;</h3>\r\n<h3 style=\"box-sizing: inherit; font-family: sfd-font, Arial, Helvetica, sans-serif; font-weight: normal; line-height: 1.1; color: #333333; margin: 0px; font-size: 16px; padding: 0px; border: 0px; vertical-align: baseline; background: transparent; text-align: justify;\"><br style=\"box-sizing: inherit;\" /><span style=\"box-sizing: inherit; font-weight: 600; margin: 0px; padding: 0px; border: 0px; vertical-align: baseline; background: transparent;\">Chuyển sang loa ngo&agrave;i</span></h3>\r\n<p style=\"box-sizing: inherit; margin: 0px; padding: 0px; border: 0px; font-size: 16px; vertical-align: baseline; background: transparent; color: #333333; font-family: sfd-font, Arial, Helvetica, sans-serif;\">&nbsp;</p>\r\n<p style=\"box-sizing: inherit; margin: 0px; padding: 0px; border: 0px; font-size: 16px; vertical-align: baseline; background: transparent; color: #333333; font-family: sfd-font, Arial, Helvetica, sans-serif; text-align: center;\"><span style=\"box-sizing: inherit; font-weight: 600; margin: 0px; padding: 0px; border: 0px; vertical-align: baseline; background: transparent;\"><img id=\"Cải thiện chất lượng cuộc gọi iPhone\" style=\"box-sizing: inherit; border: 0px; vertical-align: middle; margin: 0px; padding: 0px; font-weight: normal; background: transparent; max-width: 100%; width: 800px;\" title=\"Cải thiện chất lượng cuộc gọi iPhone\" src=\"http://fptshop.com.vn/uploads/images/tin-tuc/91019/Originals/cai-thien-cuoc-goi-iphone-fptshop-09.jpg\" alt=\"Cải thiện chất lượng cuộc gọi iPhone\" longdesc=\"https://admintintuc.fptshop.com.vn/Admin/Article/C%E1%BA%A3i%20thi%E1%BB%87n%20ch%E1%BA%A5t%20l%C6%B0%E1%BB%A3ng%20cu%E1%BB%99c%20g%E1%BB%8Di%20iPhone\" data-pagespeed-url-hash=\"2787629664\" /></span></p>\r\n<p style=\"box-sizing: inherit; margin: 0px; padding: 0px; border: 0px; font-size: 16px; vertical-align: baseline; background: transparent; color: #333333; font-family: sfd-font, Arial, Helvetica, sans-serif; text-align: justify;\">&nbsp;</p>\r\n<p style=\"box-sizing: inherit; margin: 0px; padding: 0px; border: 0px; font-size: 16px; vertical-align: baseline; background: transparent; color: #333333; font-family: sfd-font, Arial, Helvetica, sans-serif; text-align: justify;\">Cũng kh&aacute; giống với c&aacute;ch tr&ecirc;n, nhưng lời khuy&ecirc;n ở đ&acirc;y l&agrave; bạn n&ecirc;n chuyển sang đ&agrave;m thoại rảnh tay bằng loa ngo&agrave;i khi đang trong một cuộc gọi thoại. Điều n&agrave;y lu&ocirc;n đ&aacute;ng để bạn thử mỗi khi nhận thấy rằng chất lượng đ&agrave;m thoại tr&ecirc;n iPhone đang k&eacute;m đi. N&oacute; bổ sung &acirc;m lượng v&agrave; cải thiện sự r&otilde; r&agrave;ng cho cuộc gọi ngay lập tức. Ngo&agrave;i ra, nếu bạn thấy c&aacute;ch n&agrave;y kh&ocirc;ng giải quyết được t&igrave;nh trạng n&agrave;y th&igrave; c&oacute; lẽ vấn đề nằm ở t&iacute;n hiệu tr&ecirc;n iPhone đang k&eacute;m đi.</p>\r\n<h3 style=\"box-sizing: inherit; font-family: sfd-font, Arial, Helvetica, sans-serif; font-weight: normal; line-height: 1.1; color: #333333; margin: 0px; font-size: 16px; padding: 0px; border: 0px; vertical-align: baseline; background: transparent; text-align: justify;\">&nbsp;</h3>\r\n<h3 style=\"box-sizing: inherit; font-family: sfd-font, Arial, Helvetica, sans-serif; font-weight: normal; line-height: 1.1; color: #333333; margin: 0px; font-size: 16px; padding: 0px; border: 0px; vertical-align: baseline; background: transparent; text-align: justify;\"><br style=\"box-sizing: inherit;\" /><span style=\"box-sizing: inherit; font-weight: 600; margin: 0px; padding: 0px; border: 0px; vertical-align: baseline; background: transparent;\">Vệ sinh loa v&agrave; mic sạch sẽ</span></h3>\r\n<p style=\"box-sizing: inherit; margin: 0px; padding: 0px; border: 0px; font-size: 16px; vertical-align: baseline; background: transparent; color: #333333; font-family: sfd-font, Arial, Helvetica, sans-serif;\">&nbsp;</p>\r\n<p style=\"box-sizing: inherit; margin: 0px; padding: 0px; border: 0px; font-size: 16px; vertical-align: baseline; background: transparent; color: #333333; font-family: sfd-font, Arial, Helvetica, sans-serif; text-align: center;\"><span style=\"box-sizing: inherit; font-weight: 600; margin: 0px; padding: 0px; border: 0px; vertical-align: baseline; background: transparent;\"><img id=\"Cải thiện chất lượng cuộc gọi iPhone\" style=\"box-sizing: inherit; border: 0px; vertical-align: middle; margin: 0px; padding: 0px; font-weight: normal; background: transparent; max-width: 100%; width: 800px;\" title=\"Cải thiện chất lượng cuộc gọi iPhone\" src=\"http://fptshop.com.vn/uploads/images/tin-tuc/91019/Originals/cai-thien-cuoc-goi-iphone-fptshop-10.jpg\" alt=\"Cải thiện chất lượng cuộc gọi iPhone\" longdesc=\"https://admintintuc.fptshop.com.vn/Admin/Article/C%E1%BA%A3i%20thi%E1%BB%87n%20ch%E1%BA%A5t%20l%C6%B0%E1%BB%A3ng%20cu%E1%BB%99c%20g%E1%BB%8Di%20iPhone\" data-pagespeed-url-hash=\"61914362\" /></span></p>\r\n<p style=\"box-sizing: inherit; margin: 0px; padding: 0px; border: 0px; font-size: 16px; vertical-align: baseline; background: transparent; color: #333333; font-family: sfd-font, Arial, Helvetica, sans-serif; text-align: justify;\">&nbsp;</p>\r\n<p style=\"box-sizing: inherit; margin: 0px; padding: 0px; border: 0px; font-size: 16px; vertical-align: baseline; background: transparent; color: #333333; font-family: sfd-font, Arial, Helvetica, sans-serif; text-align: justify;\">Trong mỗi cuộc gọi th&igrave; loa v&agrave; mic đ&oacute;ng vai tr&ograve; lớn trong việc đảm bảo chất lượng cuộc gọi của bạn ổn định. Sau một thời gian d&agrave;i sử dụng, những chi tiết n&agrave;y c&oacute; thể bị b&aacute;m nhiều bẩn. Do đ&oacute;, bạn n&ecirc;n vệ sinh ch&uacute;ng cẩn thận để cải thiện &acirc;m thanh khi đ&agrave;m thoại tr&ecirc;n iPhone. Tất nhi&ecirc;n, bạn cũng n&ecirc;n mang tới c&aacute;c trung t&acirc;m bảo h&agrave;nh được ủy quyền bởi Apple để đảm bảo thiết bị được vệ sinh đ&uacute;ng c&aacute;ch v&agrave; an to&agrave;n.</p>\r\n<p style=\"box-sizing: inherit; margin: 0px; padding: 0px; border: 0px; font-size: 16px; vertical-align: baseline; background: transparent; color: #333333; font-family: sfd-font, Arial, Helvetica, sans-serif; text-align: justify;\">&nbsp;</p>\r\n<h3 style=\"box-sizing: inherit; font-family: sfd-font, Arial, Helvetica, sans-serif; font-weight: normal; line-height: 1.1; color: #333333; margin: 0px; font-size: 16px; padding: 0px; border: 0px; vertical-align: baseline; background: transparent; text-align: justify;\"><br style=\"box-sizing: inherit;\" /><span style=\"box-sizing: inherit; font-weight: 600; margin: 0px; padding: 0px; border: 0px; vertical-align: baseline; background: transparent;\">Cập nhật v&agrave; khởi động lại</span></h3>\r\n<p style=\"box-sizing: inherit; margin: 0px; padding: 0px; border: 0px; font-size: 16px; vertical-align: baseline; background: transparent; color: #333333; font-family: sfd-font, Arial, Helvetica, sans-serif;\">&nbsp;</p>\r\n<p style=\"box-sizing: inherit; margin: 0px; padding: 0px; border: 0px; font-size: 16px; vertical-align: baseline; background: transparent; color: #333333; font-family: sfd-font, Arial, Helvetica, sans-serif; text-align: center;\"><span style=\"box-sizing: inherit; font-weight: 600; margin: 0px; padding: 0px; border: 0px; vertical-align: baseline; background: transparent;\"><img id=\"Cải thiện chất lượng cuộc gọi iPhone\" style=\"box-sizing: inherit; border: 0px; vertical-align: middle; margin: 0px; padding: 0px; font-weight: normal; background: transparent; max-width: 100%; width: 800px;\" title=\"Cải thiện chất lượng cuộc gọi iPhone\" src=\"http://fptshop.com.vn/uploads/images/tin-tuc/91019/Originals/cai-thien-cuoc-goi-iphone-fptshop-11.jpg\" alt=\"Cải thiện chất lượng cuộc gọi iPhone\" longdesc=\"https://admintintuc.fptshop.com.vn/Admin/Article/C%E1%BA%A3i%20thi%E1%BB%87n%20ch%E1%BA%A5t%20l%C6%B0%E1%BB%A3ng%20cu%E1%BB%99c%20g%E1%BB%8Di%20iPhone\" data-pagespeed-url-hash=\"356414283\" /></span></p>\r\n<p style=\"box-sizing: inherit; margin: 0px; padding: 0px; border: 0px; font-size: 16px; vertical-align: baseline; background: transparent; color: #333333; font-family: sfd-font, Arial, Helvetica, sans-serif; text-align: justify;\">&nbsp;</p>\r\n<p style=\"box-sizing: inherit; margin: 0px; padding: 0px; border: 0px; font-size: 16px; vertical-align: baseline; background: transparent; color: #333333; font-family: sfd-font, Arial, Helvetica, sans-serif; text-align: justify;\">Một lần nữa, bạn n&ecirc;n thử lại xem x&eacute;t xem c&oacute; phải do c&aacute;c vấn đề về phần mềm ảnh hưởng tới chất lượng cuộc gọi tr&ecirc;n iPhone hay kh&ocirc;ng. Lời khuy&ecirc;n l&agrave; bạn n&ecirc;n c&agrave;i đặt những bản cập nhật mới nhất m&agrave; Apple cung cấp v&agrave; khởi động lại thiết bị một c&aacute;ch thủ c&ocirc;ng. Những cập nhật n&agrave;y c&oacute; thể cải thiện chất lượng cuộc gọi của bạn.</p>','pages/July2019/N3CZYqYaYhoHCaJA8fPR.png','cai-thien-cuoc-goi-tren-iphone-ngay-theo-nhung-cach-nay','Cải thiện cuộc gọi trên iPhone ngay theo những cách này','Cải thiện cuộc gọi trên iPhone ngay theo những cách này','INACTIVE','2019-07-09 02:18:53','2019-07-09 02:54:32');
/*!40000 ALTER TABLE `pages` ENABLE KEYS */;
UNLOCK TABLES;

--
-- Table structure for table `password_resets`
--

DROP TABLE IF EXISTS `password_resets`;
/*!40101 SET @saved_cs_client     = @@character_set_client */;
/*!40101 SET character_set_client = utf8 */;
CREATE TABLE `password_resets` (
  `email` varchar(255) COLLATE utf8mb4_unicode_ci NOT NULL,
  `token` varchar(255) COLLATE utf8mb4_unicode_ci NOT NULL,
  `created_at` timestamp NULL DEFAULT NULL,
  KEY `password_resets_email_index` (`email`)
) ENGINE=InnoDB DEFAULT CHARSET=utf8mb4 COLLATE=utf8mb4_unicode_ci;
/*!40101 SET character_set_client = @saved_cs_client */;

--
-- Dumping data for table `password_resets`
--

LOCK TABLES `password_resets` WRITE;
/*!40000 ALTER TABLE `password_resets` DISABLE KEYS */;
/*!40000 ALTER TABLE `password_resets` ENABLE KEYS */;
UNLOCK TABLES;

--
-- Table structure for table `permission_role`
--

DROP TABLE IF EXISTS `permission_role`;
/*!40101 SET @saved_cs_client     = @@character_set_client */;
/*!40101 SET character_set_client = utf8 */;
CREATE TABLE `permission_role` (
  `permission_id` bigint(20) unsigned NOT NULL,
  `role_id` bigint(20) unsigned NOT NULL,
  PRIMARY KEY (`permission_id`,`role_id`),
  KEY `permission_role_permission_id_index` (`permission_id`),
  KEY `permission_role_role_id_index` (`role_id`),
  CONSTRAINT `permission_role_permission_id_foreign` FOREIGN KEY (`permission_id`) REFERENCES `permissions` (`id`) ON DELETE CASCADE,
  CONSTRAINT `permission_role_role_id_foreign` FOREIGN KEY (`role_id`) REFERENCES `roles` (`id`) ON DELETE CASCADE
) ENGINE=InnoDB DEFAULT CHARSET=utf8mb4 COLLATE=utf8mb4_unicode_ci;
/*!40101 SET character_set_client = @saved_cs_client */;

--
-- Dumping data for table `permission_role`
--

LOCK TABLES `permission_role` WRITE;
/*!40000 ALTER TABLE `permission_role` DISABLE KEYS */;
INSERT INTO `permission_role` VALUES (1,1),(2,1),(3,1),(4,1),(5,1),(6,1),(7,1),(8,1),(9,1),(10,1),(11,1),(12,1),(13,1),(14,1),(15,1),(16,1),(17,1),(18,1),(19,1),(20,1),(21,1),(22,1),(23,1),(24,1),(25,1),(26,1),(27,1),(28,1),(29,1),(30,1),(31,1),(32,1),(33,1),(34,1),(35,1),(36,1),(37,1),(38,1),(39,1),(40,1),(42,1),(43,1),(44,1),(45,1),(46,1),(47,1),(48,1),(49,1),(50,1),(51,1);
/*!40000 ALTER TABLE `permission_role` ENABLE KEYS */;
UNLOCK TABLES;

--
-- Table structure for table `permissions`
--

DROP TABLE IF EXISTS `permissions`;
/*!40101 SET @saved_cs_client     = @@character_set_client */;
/*!40101 SET character_set_client = utf8 */;
CREATE TABLE `permissions` (
  `id` bigint(20) unsigned NOT NULL AUTO_INCREMENT,
  `key` varchar(255) COLLATE utf8mb4_unicode_ci NOT NULL,
  `table_name` varchar(255) COLLATE utf8mb4_unicode_ci DEFAULT NULL,
  `created_at` timestamp NULL DEFAULT NULL,
  `updated_at` timestamp NULL DEFAULT NULL,
  PRIMARY KEY (`id`),
  KEY `permissions_key_index` (`key`)
) ENGINE=InnoDB AUTO_INCREMENT=52 DEFAULT CHARSET=utf8mb4 COLLATE=utf8mb4_unicode_ci;
/*!40101 SET character_set_client = @saved_cs_client */;

--
-- Dumping data for table `permissions`
--

LOCK TABLES `permissions` WRITE;
/*!40000 ALTER TABLE `permissions` DISABLE KEYS */;
INSERT INTO `permissions` VALUES (1,'browse_admin',NULL,'2019-07-02 21:03:13','2019-07-02 21:03:13'),(2,'browse_bread',NULL,'2019-07-02 21:03:13','2019-07-02 21:03:13'),(3,'browse_database',NULL,'2019-07-02 21:03:13','2019-07-02 21:03:13'),(4,'browse_media',NULL,'2019-07-02 21:03:13','2019-07-02 21:03:13'),(5,'browse_compass',NULL,'2019-07-02 21:03:13','2019-07-02 21:03:13'),(6,'browse_menus','menus','2019-07-02 21:03:13','2019-07-02 21:03:13'),(7,'read_menus','menus','2019-07-02 21:03:13','2019-07-02 21:03:13'),(8,'edit_menus','menus','2019-07-02 21:03:13','2019-07-02 21:03:13'),(9,'add_menus','menus','2019-07-02 21:03:13','2019-07-02 21:03:13'),(10,'delete_menus','menus','2019-07-02 21:03:13','2019-07-02 21:03:13'),(11,'browse_roles','roles','2019-07-02 21:03:13','2019-07-02 21:03:13'),(12,'read_roles','roles','2019-07-02 21:03:13','2019-07-02 21:03:13'),(13,'edit_roles','roles','2019-07-02 21:03:13','2019-07-02 21:03:13'),(14,'add_roles','roles','2019-07-02 21:03:13','2019-07-02 21:03:13'),(15,'delete_roles','roles','2019-07-02 21:03:14','2019-07-02 21:03:14'),(16,'browse_users','users','2019-07-02 21:03:14','2019-07-02 21:03:14'),(17,'read_users','users','2019-07-02 21:03:14','2019-07-02 21:03:14'),(18,'edit_users','users','2019-07-02 21:03:14','2019-07-02 21:03:14'),(19,'add_users','users','2019-07-02 21:03:14','2019-07-02 21:03:14'),(20,'delete_users','users','2019-07-02 21:03:14','2019-07-02 21:03:14'),(21,'browse_settings','settings','2019-07-02 21:03:14','2019-07-02 21:03:14'),(22,'read_settings','settings','2019-07-02 21:03:14','2019-07-02 21:03:14'),(23,'edit_settings','settings','2019-07-02 21:03:14','2019-07-02 21:03:14'),(24,'add_settings','settings','2019-07-02 21:03:14','2019-07-02 21:03:14'),(25,'delete_settings','settings','2019-07-02 21:03:14','2019-07-02 21:03:14'),(26,'browse_categories','categories','2019-07-02 21:03:18','2019-07-02 21:03:18'),(27,'read_categories','categories','2019-07-02 21:03:19','2019-07-02 21:03:19'),(28,'edit_categories','categories','2019-07-02 21:03:19','2019-07-02 21:03:19'),(29,'add_categories','categories','2019-07-02 21:03:19','2019-07-02 21:03:19'),(30,'delete_categories','categories','2019-07-02 21:03:19','2019-07-02 21:03:19'),(31,'browse_posts','posts','2019-07-02 21:03:20','2019-07-02 21:03:20'),(32,'read_posts','posts','2019-07-02 21:03:20','2019-07-02 21:03:20'),(33,'edit_posts','posts','2019-07-02 21:03:20','2019-07-02 21:03:20'),(34,'add_posts','posts','2019-07-02 21:03:20','2019-07-02 21:03:20'),(35,'delete_posts','posts','2019-07-02 21:03:20','2019-07-02 21:03:20'),(36,'browse_pages','pages','2019-07-02 21:03:21','2019-07-02 21:03:21'),(37,'read_pages','pages','2019-07-02 21:03:21','2019-07-02 21:03:21'),(38,'edit_pages','pages','2019-07-02 21:03:21','2019-07-02 21:03:21'),(39,'add_pages','pages','2019-07-02 21:03:21','2019-07-02 21:03:21'),(40,'delete_pages','pages','2019-07-02 21:03:21','2019-07-02 21:03:21'),(41,'browse_hooks',NULL,'2019-07-02 21:03:23','2019-07-02 21:03:23'),(42,'browse_detail_orders','detail_orders','2019-07-09 21:16:23','2019-07-09 21:16:23'),(43,'read_detail_orders','detail_orders','2019-07-09 21:16:23','2019-07-09 21:16:23'),(44,'edit_detail_orders','detail_orders','2019-07-09 21:16:23','2019-07-09 21:16:23'),(45,'add_detail_orders','detail_orders','2019-07-09 21:16:23','2019-07-09 21:16:23'),(46,'delete_detail_orders','detail_orders','2019-07-09 21:16:23','2019-07-09 21:16:23'),(47,'browse_orders','orders','2019-07-09 21:18:54','2019-07-09 21:18:54'),(48,'read_orders','orders','2019-07-09 21:18:54','2019-07-09 21:18:54'),(49,'edit_orders','orders','2019-07-09 21:18:54','2019-07-09 21:18:54'),(50,'add_orders','orders','2019-07-09 21:18:54','2019-07-09 21:18:54'),(51,'delete_orders','orders','2019-07-09 21:18:54','2019-07-09 21:18:54');
/*!40000 ALTER TABLE `permissions` ENABLE KEYS */;
UNLOCK TABLES;

--
-- Table structure for table `posts`
--

DROP TABLE IF EXISTS `posts`;
/*!40101 SET @saved_cs_client     = @@character_set_client */;
/*!40101 SET character_set_client = utf8 */;
CREATE TABLE `posts` (
  `id` int(10) unsigned NOT NULL AUTO_INCREMENT,
  `author_id` int(11) NOT NULL,
  `category_id` int(11) DEFAULT NULL,
  `title` varchar(255) COLLATE utf8mb4_unicode_ci NOT NULL,
  `seo_title` varchar(255) COLLATE utf8mb4_unicode_ci DEFAULT NULL,
  `excerpt` text COLLATE utf8mb4_unicode_ci NOT NULL,
  `body` text COLLATE utf8mb4_unicode_ci NOT NULL,
  `price` text COLLATE utf8mb4_unicode_ci NOT NULL,
  `image` varchar(255) COLLATE utf8mb4_unicode_ci DEFAULT NULL,
  `image_1` varchar(255) COLLATE utf8mb4_unicode_ci NOT NULL,
  `image_2` varchar(255) COLLATE utf8mb4_unicode_ci NOT NULL,
  `image_3` varchar(255) COLLATE utf8mb4_unicode_ci NOT NULL,
  `slug` varchar(255) COLLATE utf8mb4_unicode_ci NOT NULL,
  `meta_description` text COLLATE utf8mb4_unicode_ci NOT NULL,
  `meta_keywords` text COLLATE utf8mb4_unicode_ci NOT NULL,
  `status` enum('PUBLISHED','DRAFT','PENDING') COLLATE utf8mb4_unicode_ci NOT NULL DEFAULT 'DRAFT',
  `featured` tinyint(1) NOT NULL DEFAULT '0',
  `created_at` timestamp NULL DEFAULT NULL,
  `updated_at` timestamp NULL DEFAULT NULL,
  PRIMARY KEY (`id`),
  UNIQUE KEY `posts_slug_unique` (`slug`)
) ENGINE=InnoDB AUTO_INCREMENT=8 DEFAULT CHARSET=utf8mb4 COLLATE=utf8mb4_unicode_ci;
/*!40101 SET character_set_client = @saved_cs_client */;

--
-- Dumping data for table `posts`
--

LOCK TABLES `posts` WRITE;
/*!40000 ALTER TABLE `posts` DISABLE KEYS */;
INSERT INTO `posts` VALUES (1,1,1,'iPhone 7 32GB chính hãng','Big Blasters 2','Made for urban environments, the Boombasters are designed to keep your powerful and compact DSLR kit within quick reach. And your go-to tablet, smartphone, headphones, wallet and other essentials well organized.\r\nDesigned for smooth operation and extra security. Rotate sling to front, unzip side-access pocket and grab kit to shoot. Body-side access to main compartment.','<div class=\"woocommerce-product-details__short-description\">\r\n<div id=\"tab-description\" class=\"tab-pane active\" role=\"tabpanel\">\r\n<div class=\"verso-py-3 verso-px-2\">\r\n<h2>Description</h2>\r\n<p>Made for urban environments, the Boombasters are designed to keep your powerful and compact DSLR kit within quick reach. And your go-to tablet, smartphone, headphones, wallet and other essentials well organized.</p>\r\n<p>Designed for smooth operation and extra security. Rotate sling to front, unzip side-access pocket and grab kit to shoot. Body-side access to main compartment.</p>\r\n</div>\r\n</div>\r\n</div>','11990000','posts/July2019/SRG4ysFWEPLxoBZd6Qmy.png','posts/July2019/iQWcefl2VoTRV67Jvb2V.jpeg','posts/July2019/eHARg4EfyQ1nlhs77z2d.jpg','posts/July2019/xU1cs4dgGqRor6nBVSIe.png','iphone-7-32gb-chinh-hang','Big Blasters 2','Big Blasters 2','PUBLISHED',0,'2019-07-05 03:55:11','2019-07-09 05:18:35'),(2,1,1,'IPhone 7 Plus',NULL,'To fuel multiple workouts, elevate your training with powerful, dynamic sound and up to 12 hours of battery life.','<div id=\"tab-description\" class=\"tab-pane active\" role=\"tabpanel\">\r\n<div class=\"verso-py-3 verso-px-2\">\r\n<h2>Description</h2>\r\n<p>To fuel multiple workouts, elevate your training with powerful, dynamic sound and up to 12 hours of battery life.</p>\r\n</div>\r\n</div>','2000000','posts/July2019/99Hp9LQvuW68gZzhkRkU.png','posts/July2019/KiczfzT6zj6zy2LjPBWI.png','posts/July2019/FPO1Nqx9j2C9CUtk6Te4.jpg','posts/July2019/4WGwyl5CKSoIJ4obkZ9U.jpg','iphone-7-plus','To fuel multiple workouts, elevate your training with powerful, dynamic sound and up to 12 hours of battery life.','To fuel multiple workouts, elevate your training with powerful, dynamic sound and up to 12 hours of battery life.','PUBLISHED',0,'2019-07-05 03:57:06','2019-07-08 23:56:14'),(3,1,1,'iPhone 7 Plus 32GB chính hãng','Stan Bluster','Made for urban environments, the Boombasters are designed to keep your powerful and compact DSLR kit within quick reach.\r\nAnd your go-to tablet, smartphone, headphones, wallet and other essentials well organized Clean design meets crisp digital sound. Perfect fit with the ultra-light headband.','<div id=\"tab-description\" class=\"tab-pane active\" role=\"tabpanel\">\r\n<div class=\"verso-py-3 verso-px-2\">\r\n<h2>Description</h2>\r\n<p>Made for urban environments, the Boombasters are designed to keep your powerful and compact DSLR kit within quick reach. And your go-to tablet, smartphone, headphones, wallet and other essentials well organized.</p>\r\n<p>Designed for smooth operation and extra security. Rotate sling to front, unzip side-access pocket and grab kit to shoot. Body-side access to main compartment.</p>\r\n</div>\r\n</div>','13990000','posts/July2019/EBPjFN71ksMVjawnu7eN.png','posts/July2019/hEH9RxsQJdOXKcPRSLT4.png','posts/July2019/fU1U17pVIMq8FBDZKgnB.png','posts/July2019/AcS0gcT5wvzo1u585fdY.png','iphone-7-plus-32gb-chinh-hang','Stan Bluster','Stan Bluster','PUBLISHED',0,'2019-07-05 04:00:10','2019-07-09 05:17:28'),(4,1,1,'iPhone Xs Max 64GB chính hãng','iPhone X 64GB﻿','iPhone X 64GB﻿','<h2 style=\"box-sizing: border-box; margin: 0px 0px 5px; padding: 0px; font-family: sans-serif; line-height: 1.35; color: #0a263c; font-size: 21px;\"><span style=\"box-sizing: border-box; margin: 0px; padding: 0px;\"><a style=\"box-sizing: border-box; margin: 0px; padding: 0px; background-color: transparent; color: #d70018; text-decoration-line: none;\" title=\"Điện thoại Apple iPhone X 64GB Ch&iacute;nh h&atilde;ng\" href=\"https://cellphones.com.vn/apple-iphone-x-64-gb-chinh-hang-vn.html\" target=\"_blank\" rel=\"noopener\">iPhone X 64GB</a></span></h2>\r\n<p style=\"box-sizing: border-box; margin: 0px 0px 10px; padding: 0px; font-size: 15px; line-height: 1.5; color: #3c3d41; font-weight: 400;\"><em style=\"box-sizing: border-box; margin: 0px; padding: 0px;\">Sản phẩm kỷ niệm 10 năm ra mắt của Apple n&ecirc;n&nbsp;<span style=\"box-sizing: border-box; margin: 0px; padding: 0px; font-weight: bold;\">iPhone X 64GB&nbsp;</span>c&oacute; sự thay đổi so với bộ đ&ocirc;i&nbsp;<a style=\"box-sizing: border-box; margin: 0px; padding: 0px; background-color: transparent; color: #d70018; text-decoration-line: none;\" title=\"iphone 8, 8 plus ch&iacute;nh h&atilde;ng\" href=\"https://cellphones.com.vn/mobile/apple/iphone-8-8-plus.html\" target=\"_blank\" rel=\"noopener\">iPhone 8, 8 Plus</a>&nbsp;trước đ&oacute; từ t&iacute;nh năng đến thiết kế khiến nhiều người d&ugrave;ng Trường Shop khao kh&aacute;t. Ngo&agrave;i ra, bạn c&oacute; thể tham khảo phi&ecirc;n bản dung lượng bộ nhớ trong cao hơn l&agrave;&nbsp;<span style=\"box-sizing: border-box; margin: 0px; padding: 0px; font-weight: bold;\"><a style=\"box-sizing: border-box; margin: 0px; padding: 0px; background-color: transparent; color: #d70018; text-decoration-line: none;\" title=\"iphone x 256gb\" href=\"https://cellphones.com.vn/apple-iphone-x-256-gb-chinh-hang-vn.html\" target=\"_blank\" rel=\"noopener\">iPhone X 256GB</a></span></em></p>\r\n<h3 style=\"box-sizing: border-box; margin: 0px 0px 5px; padding: 0px; font-family: sans-serif; line-height: 1.35; color: #0a263c; font-size: 16px;\"><span style=\"box-sizing: border-box; margin: 0px; padding: 0px;\">iPhone X m&atilde; VN/A l&agrave; g&igrave;? V&igrave; sao n&ecirc;n chọn iPhone X 64GB ch&iacute;nh h&atilde;ng VN/A?</span></h3>\r\n<p style=\"box-sizing: border-box; margin: 0px 0px 10px; padding: 0px; font-size: 15px; line-height: 1.5; color: #3c3d41; font-weight: 400;\">Trước khi ra mắt mỗi sản phẩm cho từng thị trường th&igrave; Apple đ&atilde; nghi&ecirc;n cứu rất kỹ lưỡng để ph&ugrave; hợp nhất với thị trường đ&oacute;. V&iacute; dụ như với Nhật Bản v&agrave; H&agrave;n Quốc đ&oacute; l&agrave; cấm chụp l&eacute;n n&ecirc;n smartphone của 2 thị trường n&agrave;y sẽ kh&ocirc;ng tắt được &acirc;m chụp h&igrave;nh. V&agrave; điện thoại iPhone tại thị trường Việt Nam cũng sẽ như vậy, Apple đ&atilde; nghi&ecirc;n cứu những th&oacute;i quen, quy định của Việt Nam để sản xuất ra&nbsp;<a style=\"box-sizing: border-box; margin: 0px; padding: 0px; background-color: transparent; color: #d70018; text-decoration-line: none;\" title=\"iphone x\" href=\"https://cellphones.com.vn/mobile/apple/iphone-x.html\" target=\"_blank\" rel=\"noopener\">iPhone X</a> m&atilde; VN/A.</p>\r\n<p style=\"box-sizing: border-box; margin: 0px 0px 10px; padding: 0px; font-size: 15px; line-height: 1.5; color: #3c3d41; font-weight: 400;\"><img src=\"http://truong.shop.com//storage/posts/July2019/ip4.png\" alt=\"\" /></p>','29990000','posts/July2019/hxI0vbI1HNCKwHzQGVov.png','posts/July2019/Ld7MqSlx6DAczGDVizYy.jpg','posts/July2019/4ptnxmWWLnsRMmH0appf.jpg','posts/July2019/o70L9WsTminRb4alhvSw.png','iphone-xs-max-64gb-chinh-hang','iPhone X 64GB﻿','iPhone X 64GB﻿','PUBLISHED',0,'2019-07-09 00:02:39','2019-07-09 05:15:56'),(5,1,1,'iPhone Xs 64GB','iPhone X 64GB﻿','iPhone X 64GB﻿','<h2 style=\"box-sizing: border-box; margin: 0px 0px 5px; padding: 0px; font-family: sans-serif; line-height: 1.35; color: #0a263c; font-size: 21px;\"><span style=\"box-sizing: border-box; margin: 0px; padding: 0px;\"><a style=\"box-sizing: border-box; margin: 0px; padding: 0px; background-color: transparent; color: #d70018; text-decoration-line: none;\" title=\"Điện thoại Apple iPhone X 64GB Ch&iacute;nh h&atilde;ng\" href=\"https://cellphones.com.vn/apple-iphone-x-64-gb-chinh-hang-vn.html\" target=\"_blank\" rel=\"noopener\">iPhone X 64GB</a></span></h2>\r\n<p style=\"box-sizing: border-box; margin: 0px 0px 10px; padding: 0px; font-size: 15px; line-height: 1.5; color: #3c3d41; font-weight: 400;\"><em style=\"box-sizing: border-box; margin: 0px; padding: 0px;\">Sản phẩm kỷ niệm 10 năm ra mắt của Apple n&ecirc;n&nbsp;<span style=\"box-sizing: border-box; margin: 0px; padding: 0px; font-weight: bold;\">iPhone X 64GB&nbsp;</span>c&oacute; sự thay đổi so với bộ đ&ocirc;i&nbsp;<a style=\"box-sizing: border-box; margin: 0px; padding: 0px; background-color: transparent; color: #d70018; text-decoration-line: none;\" title=\"iphone 8, 8 plus ch&iacute;nh h&atilde;ng\" href=\"https://cellphones.com.vn/mobile/apple/iphone-8-8-plus.html\" target=\"_blank\" rel=\"noopener\">iPhone 8, 8 Plus</a>&nbsp;trước đ&oacute; từ t&iacute;nh năng đến thiết kế khiến nhiều người d&ugrave;ng Trường Shop khao kh&aacute;t. Ngo&agrave;i ra, bạn c&oacute; thể tham khảo phi&ecirc;n bản dung lượng bộ nhớ trong cao hơn l&agrave;&nbsp;<span style=\"box-sizing: border-box; margin: 0px; padding: 0px; font-weight: bold;\"><a style=\"box-sizing: border-box; margin: 0px; padding: 0px; background-color: transparent; color: #d70018; text-decoration-line: none;\" title=\"iphone x 256gb\" href=\"https://cellphones.com.vn/apple-iphone-x-256-gb-chinh-hang-vn.html\" target=\"_blank\" rel=\"noopener\">iPhone X 256GB</a></span></em></p>\r\n<h3 style=\"box-sizing: border-box; margin: 0px 0px 5px; padding: 0px; font-family: sans-serif; line-height: 1.35; color: #0a263c; font-size: 16px;\"><span style=\"box-sizing: border-box; margin: 0px; padding: 0px;\">iPhone X m&atilde; VN/A l&agrave; g&igrave;? V&igrave; sao n&ecirc;n chọn iPhone X 64GB ch&iacute;nh h&atilde;ng VN/A?</span></h3>\r\n<p style=\"box-sizing: border-box; margin: 0px 0px 10px; padding: 0px; font-size: 15px; line-height: 1.5; color: #3c3d41; font-weight: 400;\">Trước khi ra mắt mỗi sản phẩm cho từng thị trường th&igrave; Apple đ&atilde; nghi&ecirc;n cứu rất kỹ lưỡng để ph&ugrave; hợp nhất với thị trường đ&oacute;. V&iacute; dụ như với Nhật Bản v&agrave; H&agrave;n Quốc đ&oacute; l&agrave; cấm chụp l&eacute;n n&ecirc;n smartphone của 2 thị trường n&agrave;y sẽ kh&ocirc;ng tắt được &acirc;m chụp h&igrave;nh. V&agrave; điện thoại iPhone tại thị trường Việt Nam cũng sẽ như vậy, Apple đ&atilde; nghi&ecirc;n cứu những th&oacute;i quen, quy định của Việt Nam để sản xuất ra&nbsp;<a style=\"box-sizing: border-box; margin: 0px; padding: 0px; background-color: transparent; color: #d70018; text-decoration-line: none;\" title=\"iphone x\" href=\"https://cellphones.com.vn/mobile/apple/iphone-x.html\" target=\"_blank\" rel=\"noopener\">iPhone X</a>&nbsp;m&atilde; VN/A.</p>\r\n<p style=\"box-sizing: border-box; margin: 0px 0px 10px; padding: 0px; font-size: 15px; line-height: 1.5; color: #3c3d41; font-weight: 400;\"><img src=\"http://truong.shop.com//storage/posts/July2019/ip4.png\" alt=\"\" /></p>','26990000','posts/July2019/iv7sjuRHPpSIFCLC1y3E.png','posts/July2019/qPLoFsZ9Qgf0iRTNq2Gb.jpg','posts/July2019/MdYUDD0KYuYWq22ldPUA.jpg','posts/July2019/YGvwyp7bgvLZE5j4D6P2.png','iphone-xs-64gb','iPhone X 64GB﻿','iPhone X 64GB﻿','PUBLISHED',0,'2019-07-09 00:03:49','2019-07-09 05:15:09'),(6,1,1,'iPhone Xs 256GB chính hãng','iPhone X 128GB chính hãng','iPhone X 128GB chính hãng','<h2 style=\"box-sizing: border-box; margin: 0px 0px 5px; padding: 0px; font-family: sans-serif; line-height: 1.35; color: #0a263c; font-size: 21px;\"><span style=\"box-sizing: border-box; margin: 0px; padding: 0px;\"><a style=\"box-sizing: border-box; margin: 0px; padding: 0px; background-color: transparent; color: #d70018; text-decoration-line: none;\" title=\"Điện thoại Apple iPhone X 64GB Ch&iacute;nh h&atilde;ng\" href=\"https://cellphones.com.vn/apple-iphone-x-64-gb-chinh-hang-vn.html\" target=\"_blank\" rel=\"noopener\">iPhone X 64GB</a></span></h2>\r\n<p style=\"box-sizing: border-box; margin: 0px 0px 10px; padding: 0px; font-size: 15px; line-height: 1.5; color: #3c3d41; font-weight: 400;\"><em style=\"box-sizing: border-box; margin: 0px; padding: 0px;\">Sản phẩm kỷ niệm 10 năm ra mắt của Apple n&ecirc;n&nbsp;<span style=\"box-sizing: border-box; margin: 0px; padding: 0px; font-weight: bold;\">iPhone X 64GB&nbsp;</span>c&oacute; sự thay đổi so với bộ đ&ocirc;i&nbsp;<a style=\"box-sizing: border-box; margin: 0px; padding: 0px; background-color: transparent; color: #d70018; text-decoration-line: none;\" title=\"iphone 8, 8 plus ch&iacute;nh h&atilde;ng\" href=\"https://cellphones.com.vn/mobile/apple/iphone-8-8-plus.html\" target=\"_blank\" rel=\"noopener\">iPhone 8, 8 Plus</a>&nbsp;trước đ&oacute; từ t&iacute;nh năng đến thiết kế khiến nhiều người d&ugrave;ng Trường Shop khao kh&aacute;t. Ngo&agrave;i ra, bạn c&oacute; thể tham khảo phi&ecirc;n bản dung lượng bộ nhớ trong cao hơn l&agrave;&nbsp;<span style=\"box-sizing: border-box; margin: 0px; padding: 0px; font-weight: bold;\"><a style=\"box-sizing: border-box; margin: 0px; padding: 0px; background-color: transparent; color: #d70018; text-decoration-line: none;\" title=\"iphone x 256gb\" href=\"https://cellphones.com.vn/apple-iphone-x-256-gb-chinh-hang-vn.html\" target=\"_blank\" rel=\"noopener\">iPhone X 256GB</a></span></em></p>\r\n<h3 style=\"box-sizing: border-box; margin: 0px 0px 5px; padding: 0px; font-family: sans-serif; line-height: 1.35; color: #0a263c; font-size: 16px;\"><span style=\"box-sizing: border-box; margin: 0px; padding: 0px;\">iPhone X m&atilde; VN/A l&agrave; g&igrave;? V&igrave; sao n&ecirc;n chọn iPhone X 64GB ch&iacute;nh h&atilde;ng VN/A?</span></h3>\r\n<p style=\"box-sizing: border-box; margin: 0px 0px 10px; padding: 0px; font-size: 15px; line-height: 1.5; color: #3c3d41; font-weight: 400;\">Trước khi ra mắt mỗi sản phẩm cho từng thị trường th&igrave; Apple đ&atilde; nghi&ecirc;n cứu rất kỹ lưỡng để ph&ugrave; hợp nhất với thị trường đ&oacute;. V&iacute; dụ như với Nhật Bản v&agrave; H&agrave;n Quốc đ&oacute; l&agrave; cấm chụp l&eacute;n n&ecirc;n smartphone của 2 thị trường n&agrave;y sẽ kh&ocirc;ng tắt được &acirc;m chụp h&igrave;nh. V&agrave; điện thoại iPhone tại thị trường Việt Nam cũng sẽ như vậy, Apple đ&atilde; nghi&ecirc;n cứu những th&oacute;i quen, quy định của Việt Nam để sản xuất ra&nbsp;<a style=\"box-sizing: border-box; margin: 0px; padding: 0px; background-color: transparent; color: #d70018; text-decoration-line: none;\" title=\"iphone x\" href=\"https://cellphones.com.vn/mobile/apple/iphone-x.html\" target=\"_blank\" rel=\"noopener\">iPhone X</a>&nbsp;m&atilde; VN/A.</p>\r\n<p style=\"box-sizing: border-box; margin: 0px 0px 10px; padding: 0px; font-size: 15px; line-height: 1.5; color: #3c3d41; font-weight: 400;\"><img src=\"http://truong.shop.com//storage/posts/July2019/ip4.png\" alt=\"\" /></p>','32990000','posts/July2019/GWC8uyCr8x0osNeRe2dm.png','posts/July2019/Be6XX3qPfW0YsHEaZMy4.jpg','posts/July2019/8167XTt79HFOaWgA0okv.jpg','posts/July2019/d05waSdIe7fQRKSzjtah.jpg','iphone-xs-256gb-chinh-hang','iPhone X 128GB chính hãng','iPhone X 128GB chính hãng','PUBLISHED',0,'2019-07-09 00:10:36','2019-07-09 05:14:19'),(7,1,1,'iPhone Xs Max 256GB',NULL,'iPhone Xs Max 256GB','<h2 style=\"box-sizing: border-box; margin: 0px 0px 5px; padding: 0px; font-family: sans-serif; line-height: 1.35; color: #0a263c; font-size: 21px;\"><span style=\"box-sizing: border-box; margin: 0px; padding: 0px;\"><a style=\"box-sizing: border-box; margin: 0px; padding: 0px; background-color: transparent; color: #d70018; text-decoration-line: none;\" title=\"Điện thoại Apple iPhone X 64GB Ch&iacute;nh h&atilde;ng\" href=\"https://cellphones.com.vn/apple-iphone-x-64-gb-chinh-hang-vn.html\" target=\"_blank\" rel=\"noopener\">iPhone X 64GB</a></span></h2>\r\n<p style=\"box-sizing: border-box; margin: 0px 0px 10px; padding: 0px; font-size: 15px; line-height: 1.5; color: #3c3d41; font-weight: 400;\"><em style=\"box-sizing: border-box; margin: 0px; padding: 0px;\">Sản phẩm kỷ niệm 10 năm ra mắt của Apple n&ecirc;n&nbsp;<span style=\"box-sizing: border-box; margin: 0px; padding: 0px; font-weight: bold;\">iPhone X 64GB&nbsp;</span>c&oacute; sự thay đổi so với bộ đ&ocirc;i&nbsp;<a style=\"box-sizing: border-box; margin: 0px; padding: 0px; background-color: transparent; color: #d70018; text-decoration-line: none;\" title=\"iphone 8, 8 plus ch&iacute;nh h&atilde;ng\" href=\"https://cellphones.com.vn/mobile/apple/iphone-8-8-plus.html\" target=\"_blank\" rel=\"noopener\">iPhone 8, 8 Plus</a>&nbsp;trước đ&oacute; từ t&iacute;nh năng đến thiết kế khiến nhiều người d&ugrave;ng Trường Shop khao kh&aacute;t. Ngo&agrave;i ra, bạn c&oacute; thể tham khảo phi&ecirc;n bản dung lượng bộ nhớ trong cao hơn l&agrave;&nbsp;<span style=\"box-sizing: border-box; margin: 0px; padding: 0px; font-weight: bold;\"><a style=\"box-sizing: border-box; margin: 0px; padding: 0px; background-color: transparent; color: #d70018; text-decoration-line: none;\" title=\"iphone x 256gb\" href=\"https://cellphones.com.vn/apple-iphone-x-256-gb-chinh-hang-vn.html\" target=\"_blank\" rel=\"noopener\">iPhone X 256GB</a></span></em></p>\r\n<h3 style=\"box-sizing: border-box; margin: 0px 0px 5px; padding: 0px; font-family: sans-serif; line-height: 1.35; color: #0a263c; font-size: 16px;\"><span style=\"box-sizing: border-box; margin: 0px; padding: 0px;\">iPhone X m&atilde; VN/A l&agrave; g&igrave;? V&igrave; sao n&ecirc;n chọn iPhone X 64GB ch&iacute;nh h&atilde;ng VN/A?</span></h3>\r\n<p style=\"box-sizing: border-box; margin: 0px 0px 10px; padding: 0px; font-size: 15px; line-height: 1.5; color: #3c3d41; font-weight: 400;\">Trước khi ra mắt mỗi sản phẩm cho từng thị trường th&igrave; Apple đ&atilde; nghi&ecirc;n cứu rất kỹ lưỡng để ph&ugrave; hợp nhất với thị trường đ&oacute;. V&iacute; dụ như với Nhật Bản v&agrave; H&agrave;n Quốc đ&oacute; l&agrave; cấm chụp l&eacute;n n&ecirc;n smartphone của 2 thị trường n&agrave;y sẽ kh&ocirc;ng tắt được &acirc;m chụp h&igrave;nh. V&agrave; điện thoại iPhone tại thị trường Việt Nam cũng sẽ như vậy, Apple đ&atilde; nghi&ecirc;n cứu những th&oacute;i quen, quy định của Việt Nam để sản xuất ra&nbsp;<a style=\"box-sizing: border-box; margin: 0px; padding: 0px; background-color: transparent; color: #d70018; text-decoration-line: none;\" title=\"iphone x\" href=\"https://cellphones.com.vn/mobile/apple/iphone-x.html\" target=\"_blank\" rel=\"noopener\">iPhone X</a>&nbsp;m&atilde; VN/A.</p>\r\n<p style=\"box-sizing: border-box; margin: 0px 0px 10px; padding: 0px; font-size: 15px; line-height: 1.5; color: #3c3d41; font-weight: 400;\"><img src=\"http://truong.shop.com//storage/posts/July2019/ip4.png\" alt=\"\" /></p>','35990000','posts/July2019/cN90aK2oMcZp1OuU0j1a.png','posts/July2019/QXjCcEwE6Pjm3rlK7hk9.jpg','posts/July2019/rS618dQAhwa0zNDH3mBS.jpg','posts/July2019/ELcPToP9jB9QoP2ELwH5.jpg','iphone-xs-max-256gb','iPhone Xs Max 256GB','iPhone Xs Max 256GB','PUBLISHED',0,'2019-07-09 01:18:54','2019-07-09 05:12:33');
/*!40000 ALTER TABLE `posts` ENABLE KEYS */;
UNLOCK TABLES;

--
-- Table structure for table `roles`
--

DROP TABLE IF EXISTS `roles`;
/*!40101 SET @saved_cs_client     = @@character_set_client */;
/*!40101 SET character_set_client = utf8 */;
CREATE TABLE `roles` (
  `id` bigint(20) unsigned NOT NULL AUTO_INCREMENT,
  `name` varchar(255) COLLATE utf8mb4_unicode_ci NOT NULL,
  `display_name` varchar(255) COLLATE utf8mb4_unicode_ci NOT NULL,
  `created_at` timestamp NULL DEFAULT NULL,
  `updated_at` timestamp NULL DEFAULT NULL,
  PRIMARY KEY (`id`),
  UNIQUE KEY `roles_name_unique` (`name`)
) ENGINE=InnoDB AUTO_INCREMENT=3 DEFAULT CHARSET=utf8mb4 COLLATE=utf8mb4_unicode_ci;
/*!40101 SET character_set_client = @saved_cs_client */;

--
-- Dumping data for table `roles`
--

LOCK TABLES `roles` WRITE;
/*!40000 ALTER TABLE `roles` DISABLE KEYS */;
INSERT INTO `roles` VALUES (1,'admin','Administrator','2019-07-02 21:03:13','2019-07-02 21:03:13'),(2,'user','Normal User','2019-07-02 21:03:13','2019-07-02 21:03:13');
/*!40000 ALTER TABLE `roles` ENABLE KEYS */;
UNLOCK TABLES;

--
-- Table structure for table `settings`
--

DROP TABLE IF EXISTS `settings`;
/*!40101 SET @saved_cs_client     = @@character_set_client */;
/*!40101 SET character_set_client = utf8 */;
CREATE TABLE `settings` (
  `id` int(10) unsigned NOT NULL AUTO_INCREMENT,
  `key` varchar(255) COLLATE utf8mb4_unicode_ci NOT NULL,
  `display_name` varchar(255) COLLATE utf8mb4_unicode_ci NOT NULL,
  `value` text COLLATE utf8mb4_unicode_ci,
  `details` text COLLATE utf8mb4_unicode_ci,
  `type` varchar(255) COLLATE utf8mb4_unicode_ci NOT NULL,
  `order` int(11) NOT NULL DEFAULT '1',
  `group` varchar(255) COLLATE utf8mb4_unicode_ci DEFAULT NULL,
  PRIMARY KEY (`id`),
  UNIQUE KEY `settings_key_unique` (`key`)
) ENGINE=InnoDB AUTO_INCREMENT=11 DEFAULT CHARSET=utf8mb4 COLLATE=utf8mb4_unicode_ci;
/*!40101 SET character_set_client = @saved_cs_client */;

--
-- Dumping data for table `settings`
--

LOCK TABLES `settings` WRITE;
/*!40000 ALTER TABLE `settings` DISABLE KEYS */;
INSERT INTO `settings` VALUES (1,'site.title','Site Title','Site Title','','text',1,'Site'),(2,'site.description','Site Description','Site Description','','text',2,'Site'),(3,'site.logo','Site Logo','','','image',3,'Site'),(4,'site.google_analytics_tracking_id','Google Analytics Tracking ID','','','text',4,'Site'),(5,'admin.bg_image','Admin Background Image','','','image',5,'Admin'),(6,'admin.title','Admin Title','Voyager','','text',1,'Admin'),(7,'admin.description','Admin Description','Welcome to Voyager. The Missing Admin for Laravel','','text',2,'Admin'),(8,'admin.loader','Admin Loader','','','image',3,'Admin'),(9,'admin.icon_image','Admin Icon Image','','','image',4,'Admin'),(10,'admin.google_analytics_client_id','Google Analytics Client ID (used for admin dashboard)','','','text',1,'Admin');
/*!40000 ALTER TABLE `settings` ENABLE KEYS */;
UNLOCK TABLES;

--
-- Table structure for table `translations`
--

DROP TABLE IF EXISTS `translations`;
/*!40101 SET @saved_cs_client     = @@character_set_client */;
/*!40101 SET character_set_client = utf8 */;
CREATE TABLE `translations` (
  `id` int(10) unsigned NOT NULL AUTO_INCREMENT,
  `table_name` varchar(255) COLLATE utf8mb4_unicode_ci NOT NULL,
  `column_name` varchar(255) COLLATE utf8mb4_unicode_ci NOT NULL,
  `foreign_key` int(10) unsigned NOT NULL,
  `locale` varchar(255) COLLATE utf8mb4_unicode_ci NOT NULL,
  `value` text COLLATE utf8mb4_unicode_ci NOT NULL,
  `created_at` timestamp NULL DEFAULT NULL,
  `updated_at` timestamp NULL DEFAULT NULL,
  PRIMARY KEY (`id`),
  UNIQUE KEY `translations_table_name_column_name_foreign_key_locale_unique` (`table_name`,`column_name`,`foreign_key`,`locale`)
) ENGINE=InnoDB AUTO_INCREMENT=31 DEFAULT CHARSET=utf8mb4 COLLATE=utf8mb4_unicode_ci;
/*!40101 SET character_set_client = @saved_cs_client */;

--
-- Dumping data for table `translations`
--

LOCK TABLES `translations` WRITE;
/*!40000 ALTER TABLE `translations` DISABLE KEYS */;
INSERT INTO `translations` VALUES (1,'data_types','display_name_singular',5,'pt','Post','2019-07-02 21:03:21','2019-07-02 21:03:21'),(2,'data_types','display_name_singular',6,'pt','Página','2019-07-02 21:03:21','2019-07-02 21:03:21'),(3,'data_types','display_name_singular',1,'pt','Utilizador','2019-07-02 21:03:21','2019-07-02 21:03:21'),(4,'data_types','display_name_singular',4,'pt','Categoria','2019-07-02 21:03:21','2019-07-02 21:03:21'),(5,'data_types','display_name_singular',2,'pt','Menu','2019-07-02 21:03:21','2019-07-02 21:03:21'),(6,'data_types','display_name_singular',3,'pt','Função','2019-07-02 21:03:21','2019-07-02 21:03:21'),(7,'data_types','display_name_plural',5,'pt','Posts','2019-07-02 21:03:21','2019-07-02 21:03:21'),(8,'data_types','display_name_plural',6,'pt','Páginas','2019-07-02 21:03:21','2019-07-02 21:03:21'),(9,'data_types','display_name_plural',1,'pt','Utilizadores','2019-07-02 21:03:21','2019-07-02 21:03:21'),(10,'data_types','display_name_plural',4,'pt','Categorias','2019-07-02 21:03:21','2019-07-02 21:03:21'),(11,'data_types','display_name_plural',2,'pt','Menus','2019-07-02 21:03:21','2019-07-02 21:03:21'),(12,'data_types','display_name_plural',3,'pt','Funções','2019-07-02 21:03:21','2019-07-02 21:03:21'),(13,'categories','slug',1,'pt','categoria-1','2019-07-02 21:03:21','2019-07-02 21:03:21'),(14,'categories','name',1,'pt','Categoria 1','2019-07-02 21:03:21','2019-07-02 21:03:21'),(15,'categories','slug',2,'pt','categoria-2','2019-07-02 21:03:22','2019-07-02 21:03:22'),(16,'categories','name',2,'pt','Categoria 2','2019-07-02 21:03:22','2019-07-02 21:03:22'),(17,'pages','title',1,'pt','Olá Mundo','2019-07-02 21:03:22','2019-07-02 21:03:22'),(18,'pages','slug',1,'pt','ola-mundo','2019-07-02 21:03:22','2019-07-02 21:03:22'),(19,'pages','body',1,'pt','<p>Olá Mundo. Scallywag grog swab Cat o\'nine tails scuttle rigging hardtack cable nipper Yellow Jack. Handsomely spirits knave lad killick landlubber or just lubber deadlights chantey pinnace crack Jennys tea cup. Provost long clothes black spot Yellow Jack bilged on her anchor league lateen sail case shot lee tackle.</p>\r\n<p>Ballast spirits fluke topmast me quarterdeck schooner landlubber or just lubber gabion belaying pin. Pinnace stern galleon starboard warp carouser to go on account dance the hempen jig jolly boat measured fer yer chains. Man-of-war fire in the hole nipperkin handsomely doubloon barkadeer Brethren of the Coast gibbet driver squiffy.</p>','2019-07-02 21:03:22','2019-07-02 21:03:22'),(20,'menu_items','title',1,'pt','Painel de Controle','2019-07-02 21:03:22','2019-07-02 21:03:22'),(21,'menu_items','title',2,'pt','Media','2019-07-02 21:03:22','2019-07-02 21:03:22'),(22,'menu_items','title',12,'pt','Publicações','2019-07-02 21:03:22','2019-07-02 21:03:22'),(23,'menu_items','title',3,'pt','Utilizadores','2019-07-02 21:03:22','2019-07-02 21:03:22'),(24,'menu_items','title',11,'pt','Categorias','2019-07-02 21:03:22','2019-07-02 21:03:22'),(25,'menu_items','title',13,'pt','Páginas','2019-07-02 21:03:22','2019-07-02 21:03:22'),(26,'menu_items','title',4,'pt','Funções','2019-07-02 21:03:22','2019-07-02 21:03:22'),(27,'menu_items','title',5,'pt','Ferramentas','2019-07-02 21:03:22','2019-07-02 21:03:22'),(28,'menu_items','title',6,'pt','Menus','2019-07-02 21:03:22','2019-07-02 21:03:22'),(29,'menu_items','title',7,'pt','Base de dados','2019-07-02 21:03:22','2019-07-02 21:03:22'),(30,'menu_items','title',10,'pt','Configurações','2019-07-02 21:03:22','2019-07-02 21:03:22');
/*!40000 ALTER TABLE `translations` ENABLE KEYS */;
UNLOCK TABLES;

--
-- Table structure for table `user_roles`
--

DROP TABLE IF EXISTS `user_roles`;
/*!40101 SET @saved_cs_client     = @@character_set_client */;
/*!40101 SET character_set_client = utf8 */;
CREATE TABLE `user_roles` (
  `user_id` int(10) unsigned NOT NULL,
  `role_id` bigint(20) unsigned NOT NULL,
  PRIMARY KEY (`user_id`,`role_id`),
  KEY `user_roles_user_id_index` (`user_id`),
  KEY `user_roles_role_id_index` (`role_id`),
  CONSTRAINT `user_roles_role_id_foreign` FOREIGN KEY (`role_id`) REFERENCES `roles` (`id`) ON DELETE CASCADE,
  CONSTRAINT `user_roles_user_id_foreign` FOREIGN KEY (`user_id`) REFERENCES `users` (`id`) ON DELETE CASCADE
) ENGINE=InnoDB DEFAULT CHARSET=utf8mb4 COLLATE=utf8mb4_unicode_ci;
/*!40101 SET character_set_client = @saved_cs_client */;

--
-- Dumping data for table `user_roles`
--

LOCK TABLES `user_roles` WRITE;
/*!40000 ALTER TABLE `user_roles` DISABLE KEYS */;
/*!40000 ALTER TABLE `user_roles` ENABLE KEYS */;
UNLOCK TABLES;

--
-- Table structure for table `users`
--

DROP TABLE IF EXISTS `users`;
/*!40101 SET @saved_cs_client     = @@character_set_client */;
/*!40101 SET character_set_client = utf8 */;
CREATE TABLE `users` (
  `id` int(10) unsigned NOT NULL AUTO_INCREMENT,
  `role_id` bigint(20) unsigned DEFAULT NULL,
  `name` varchar(255) COLLATE utf8mb4_unicode_ci NOT NULL,
  `email` varchar(255) COLLATE utf8mb4_unicode_ci NOT NULL,
  `avatar` varchar(255) COLLATE utf8mb4_unicode_ci DEFAULT 'users/default.png',
  `password` varchar(255) COLLATE utf8mb4_unicode_ci NOT NULL,
  `remember_token` varchar(100) COLLATE utf8mb4_unicode_ci DEFAULT NULL,
  `settings` text COLLATE utf8mb4_unicode_ci,
  `created_at` timestamp NULL DEFAULT NULL,
  `updated_at` timestamp NULL DEFAULT NULL,
  PRIMARY KEY (`id`),
  UNIQUE KEY `users_email_unique` (`email`),
  KEY `users_role_id_foreign` (`role_id`),
  CONSTRAINT `users_role_id_foreign` FOREIGN KEY (`role_id`) REFERENCES `roles` (`id`)
) ENGINE=InnoDB AUTO_INCREMENT=2 DEFAULT CHARSET=utf8mb4 COLLATE=utf8mb4_unicode_ci;
/*!40101 SET character_set_client = @saved_cs_client */;

--
-- Dumping data for table `users`
--

LOCK TABLES `users` WRITE;
/*!40000 ALTER TABLE `users` DISABLE KEYS */;
INSERT INTO `users` VALUES (1,1,'Admin','admin@admin.com','users/default.png','$2y$10$cqKv.FvRJpvk.AD4xAnaeuoL3DKZsYfNLTyh9DhiIm/gURArmbCoO','SSAXzQvVfMf1UFV5JYOC4xKwc9g66ddfVdsqazzV6qweKl9R3AgHZHni89Gr',NULL,'2019-07-02 21:03:19','2019-07-02 21:03:19');
/*!40000 ALTER TABLE `users` ENABLE KEYS */;
UNLOCK TABLES;
/*!40103 SET TIME_ZONE=@OLD_TIME_ZONE */;

/*!40101 SET SQL_MODE=@OLD_SQL_MODE */;
/*!40014 SET FOREIGN_KEY_CHECKS=@OLD_FOREIGN_KEY_CHECKS */;
/*!40014 SET UNIQUE_CHECKS=@OLD_UNIQUE_CHECKS */;
/*!40101 SET CHARACTER_SET_CLIENT=@OLD_CHARACTER_SET_CLIENT */;
/*!40101 SET CHARACTER_SET_RESULTS=@OLD_CHARACTER_SET_RESULTS */;
/*!40101 SET COLLATION_CONNECTION=@OLD_COLLATION_CONNECTION */;
/*!40111 SET SQL_NOTES=@OLD_SQL_NOTES */;

-- Dump completed on 2019-07-10 13:09:55
